m.s.ms;VehicleControl.BrakeOffDelay;VehicleControl.BrakeOnDelay;VehicleControl.BrakeOutputPolarity;VehicleControl.BrakeOutputSignal;VehicleControl.Estop;VehicleControl.EstopInputPolarity;VehicleControl.EstopInputSignal;VehicleControl.HaltRequest;VehicleControl.HaltRequestDone;VehicleControl.Moving;VehicleControl.OperationMode;VehicleControl.PlcSelect;VehicleControl.PlcSelectMask;VehicleControl.PlcSetDriveEnable;VehicleControl.PlcSetSteerEnable;VehicleControl.PreventAppDownload;VehicleControl.QuickStop;VehicleControl.SensorStopEnable;VehicleControl.SensorStopInputPolarity;VehicleControl.SensorStopInputSignal;VehicleControl.SetSpeed;VehicleControl.SlowDown;VehicleControl.SlowDownSpeed;VehicleControl.Stop;VehicleControl.TravelDir;Vehicle.AccSlope;Vehicle.Blocked;Vehicle.CarrierType;Vehicle.CreepDistance;Vehicle.CreepSpeed;Vehicle.DecSlope;Vehicle.EmcyDecSlope;Vehicle.IndividualName;Vehicle.MaxSpeed;Vehicle.OptionClass;Vehicle.SimulationMode;Vehicle.SpeedDelayCompensation;Vehicle.SteeringDelayCompensation;Vehicle.StopPointTrim;Vehicle.StopTolerance;Vehicle.VehicleID;Vehicle.VehicleType;Vehicle.WaitForWheelTurnMaxAngle;OMPLC.Data99;OMPLC.Data98;OMPLC.Data97;OMPLC.Data96;OMPLC.Data95;OMPLC.Data94;OMPLC.Data93;OMPLC.Data92;OMPLC.Data91;OMPLC.Data90;OMPLC.Data9;OMPLC.Data89;OMPLC.Data88;OMPLC.Data87;OMPLC.Data86;OMPLC.Data85;OMPLC.Data84;OMPLC.Data83;OMPLC.Data82;OMPLC.Data81;OMPLC.Data80;OMPLC.Cur_Seg;OMPLC.Data79;OMPLC.Data78;OMPLC.Data77;OMPLC.Data76;OMPLC.Data75;OMPLC.Data74;OMPLC.Data73;OMPLC.Data72;OMPLC.Data71;OMPLC.Data70;OMPLC.Drv_Area;OMPLC.Data69;OMPLC.Data68;OMPLC.Data67;OMPLC.Data66;OMPLC.Data65;OMPLC.Data64;OMPLC.Data63;OMPLC.Data62;OMPLC.Data61;OMPLC.Data60;OMPLC.Cur_Pnt;OMPLC.Data59;OMPLC.Data58;OMPLC.Data57;OMPLC.Data56;OMPLC.Data55;OMPLC.Data54;OMPLC.Data53;OMPLC.Data52;OMPLC.Data51;OMPLC.Data50;OMPLC.R_BCD3;OMPLC.Data49;OMPLC.Data48;OMPLC.Data47;OMPLC.Data46;OMPLC.Data45;OMPLC.Data44;OMPLC.Data43;OMPLC.Data42;OMPLC.Data41;OMPLC.Fire_alarm;OMPLC.R_BCD2;OMPLC.Data39;OMPLC.Data38;OMPLC.Data37;OMPLC.Data36;OMPLC.Data35;OMPLC.Data34;OMPLC.Data33;OMPLC.Data32;OMPLC.Data31;OMPLC.Data30;OMPLC.R_BCD1;OMPLC.Data29;OMPLC.Data28;OMPLC.Data27;OMPLC.Data26;OMPLC.Data25;OMPLC.Data24;OMPLC.Data23;OMPLC.Data22;OMPLC.StopWord;OMPLC.DebugLevel;OMPLC.Stop_OM;OMPLC.OrderStateValue;OMPLC.OrderState;OMPLC.Data17;OMPLC.Data16;OMPLC.Data15;OMPLC.Data14;OMPLC.Delivery;OMPLC.Data120;OMPLC.Fetch;OMPLC.Data119;OMPLC.Data118;OMPLC.Data117;OMPLC.Data116;OMPLC.Data115;OMPLC.Data114;OMPLC.Data113;OMPLC.Data112;OMPLC.Data111;OMPLC.Data110;OMPLC.Phase;OMPLC.Data109;OMPLC.Data108;OMPLC.Data107;OMPLC.Data106;OMPLC.Data105;OMPLC.Data104;OMPLC.Data103;OMPLC.Data102;OMPLC.Data101;OMPLC.LastUnload;OMPLC.IKEY;OMPLC.ChargeOM;FrontWheel.EncAnglePlcInputRef;FrontWheel.EncAngleRef;FrontWheel.EncDistRef;FrontWheel.EncSpeedPlcInputRef;FrontWheel.EncSpeedRef;FrontWheel.MaxAngularSpeed;FrontWheel.MaxSteerAngle;FrontWheel.MinSteerAngle;FrontWheel.PlcSetAngle;FrontWheel.PlcSetSpeed;FrontWheel.SetAngleEnableRef;FrontWheel.SetAngleRef;FrontWheel.SetSpeedEnableRef;FrontWheel.SetSpeedRef;FrontWheel.WheelType;FrontWheel.X;FrontWheel.Y;RearWheel.EncAnglePlcInputRef;RearWheel.EncAngleRef;RearWheel.EncDistRef;RearWheel.EncSpeedPlcInputRef;RearWheel.EncSpeedRef;RearWheel.MaxAngularSpeed;RearWheel.MaxSteerAngle;RearWheel.MinSteerAngle;RearWheel.PlcSetAngle;RearWheel.PlcSetSpeed;RearWheel.SetAngleEnableRef;RearWheel.SetAngleRef;RearWheel.SetSpeedEnableRef;RearWheel.SetSpeedRef;RearWheel.WheelType;RearWheel.X;RearWheel.Y;VehicleNavigator.CorrectionAngle;VehicleNavigator.CorrectionX;VehicleNavigator.CorrectionY;VehicleNavigator.IgnoreAbnormalEncVal;VehicleNavigator.NavLevelEventLimit;VehicleNavigator.NavMethod;VehicleNavigator.NavMethodText;VehicleNavigator.RangeLogInhibit;VehicleNavigator.SetNavMethod;VehicleNavigator.SetNavMethodEN;VehicleNavigator.SetNavMethodENO;VehicleNavigator.SetNavMethodErr;VehicleNavigator.SetNavMethodErrText;VehicleNavigator.SleepTime;VehicleNavigator.StartupNavMethod;LoadOperation.CancelOperation;LoadOperation.LoadOpDoneEN;LoadOperation.LoadOpDoneENO;LoadOperation.LoadOpDoneError;LoadOperation.LoadOpDoneResult;LoadOperation.OperationCode;LoadOperation.OperationParam1;LoadOperation.OperationParam2;LocalOrder.DestPoint;LocalOrder.Error;LocalOrder.OpCode;LocalOrder.OpParam1;LocalOrder.OpParam2;LocalOrder.OrderEN;LocalOrder.OrderENO;SegmentTrigger.Bit0_StartDDAtt;SegmentTrigger.Bit1;SegmentTrigger.Bit10_DDLeft_A;SegmentTrigger.Bit11_DDRight_A;SegmentTrigger.Bit12_TurnLeft_A;SegmentTrigger.Bit13_TurnRght_A;SegmentTrigger.Bit14_DisIrSlow;SegmentTrigger.Bit15_DisIrStop;SegmentTrigger.Bit2;SegmentTrigger.Bit3;SegmentTrigger.Bit4_Area1_Seg;SegmentTrigger.Bit5_Area2_Seg;SegmentTrigger.Bit6_Area4_Seg;SegmentTrigger.Bit7_Area8_Seg;SegmentTrigger.Bit8;SegmentTrigger.Bit9;SegmentTrigger.Value;SegmentTrigger.Value2;Automatic.CurrentOrderMode;Automatic.DestPoint;Automatic.ExecDriveCommand;Automatic.SetOrderMode;Automatic.SetOrderModeEN;Automatic.SetOrderModeENO;Automatic.SetOrderModeError;Automatic.StartupOrderMode;Automatic.StatusID;Automatic.StatusText;CanOpenMaster.CanMasterCmd;CanOpenMaster.CanMasterCmdEN;CanOpenMaster.CanMasterCmdENO;CanOpenMaster.CollectTimeout;CanOpenMaster.EMCY_BusID;CanOpenMaster.EMCY_Byte1;CanOpenMaster.EMCY_Byte2;CanOpenMaster.EMCY_Byte3;CanOpenMaster.EMCY_Byte4;CanOpenMaster.EMCY_Byte5;CanOpenMaster.EMCY_Code;CanOpenMaster.EMCY_ErrReg;CanOpenMaster.EMCY_NodeID;CanOpenMaster.NMTState;CanOpenMaster.State;CanOpenMaster.StatusText;Autoinsert.AllowBackwards;Autoinsert.OnSegment;Autoinsert.PointAngleLimit;Autoinsert.PointInsertInhibit;Autoinsert.PointTolerance;Autoinsert.QuickEnable;Autoinsert.SearchAngleLimit;Autoinsert.SearchDistance;Autoinsert.Speed;Autoinsert.StatusID;Autoinsert.StatusText;Autoinsert.Target;LayoutPosition.Distance;LayoutPosition.InSystem;LayoutPosition.MaxSpeed;LayoutPosition.Point;LayoutPosition.RemainingDistance;LayoutPosition.Segment;LoadDocking.ArrivedEN;LoadDocking.ArrivedENO;LoadDocking.DistOpPoint;LoadDocking.OnLastSegment;LoadDocking.OnTarget;LoadDocking.PlcDistance;LoadDocking.PlcDistEN;LoadDocking.PlcDistENO;LoadDocking.PlcDistError;LoadDocking.PlcDistFromEnd;LoadDocking.RequestDistance
42.52.566;250;2000;0;UserDefined.Braker_Signal;0;1;SDIO.DigitalInput12_EMO;0;0;0;0;0;0;0;0;0;0;0;0;;0;0;100;0;1;300;0;0;200;80;900;2000;;1000;1;0;200;225;0;35;153;QUAD;5;0;0;0;0;0;0;0;0;0;0;0;0;0;0;0;0;0;0;0;0;0;1;0;0;0;0;0;0;0;0;0;0;0;0;0;0;0;0;0;0;0;0;0;4;0;0;0;0;0;0;0;0;0;0;0;0;0;0;0;0;0;0;0;0;0;0;0;0;0;0;0;0;0;0;0;0;0;0;0;0;0;0;0;0;0;0;0;0;0;0;0;0;0;0;0;0;0;0;0;0;0;0;0;0;0;0;0;0;0;0;0;0;0;0;0;0;0;0;0;0;NotUsed;DCD_6.WheelAngle;DCD_5.DriveEncDist;NotUsed;DCD_5.DriveEncSpeed;120;105;-105;0;0;DCD_6.EnablePowerStage;DCD_6.SetAngle;DCD_5.EnablePowerStage;DCD_5.SetSpeed;SD;628;0;NotUsed;DCD_8.WheelAngle;DCD_7.DriveEncDist;NotUsed;DCD_7.DriveEncSpeed;120;105;-105;0;0;DCD_8.EnablePowerStage;DCD_8.SetAngle;DCD_7.EnablePowerStage;DCD_7.SetSpeed;SD;-628;0;-1;1;0;0;0;1;reflector;500;1;0;0;0;No error;-1;1;0;0;0;0;0;0;0;0;1;0;0;0;0;0;0;0;0;0;0;0;0;0;0;0;0;0;0;0;0;0;0;0;0;1;0;0;3;1;1;0;3;0;WaitNewOrder;1;0;0;20;0;0;0;0;0;0;0;0;0;5;0;NormalState;0;1;7;0;70;0;90;8000;300;4;Finished;3;1149;1;1000;4;3;1;0;0;65535;0;0;0;0;0;0;0;0
42.53.519;250;2000;0;UserDefined.Braker_Signal;0;1;SDIO.DigitalInput12_EMO;0;0;0;0;0;0;0;0;0;0;0;0;;0;0;100;0;1;300;0;0;200;80;900;2000;;1000;1;0;200;225;0;35;153;QUAD;5;0;0;0;0;0;0;0;0;0;0;0;0;0;0;0;0;0;0;0;0;0;1;0;0;0;0;0;0;0;0;0;0;0;0;0;0;0;0;0;0;0;0;0;4;0;0;0;0;0;0;0;0;0;0;0;0;0;0;0;0;0;0;0;0;0;0;0;0;0;0;0;0;0;0;0;0;0;0;0;0;0;0;0;0;0;0;0;0;0;0;0;0;0;0;0;0;0;0;0;0;0;0;0;0;0;0;0;0;0;0;0;0;0;0;0;0;0;0;0;0;NotUsed;DCD_6.WheelAngle;DCD_5.DriveEncDist;NotUsed;DCD_5.DriveEncSpeed;120;105;-105;0;0;DCD_6.EnablePowerStage;DCD_6.SetAngle;DCD_5.EnablePowerStage;DCD_5.SetSpeed;SD;628;0;NotUsed;DCD_8.WheelAngle;DCD_7.DriveEncDist;NotUsed;DCD_7.DriveEncSpeed;120;105;-105;0;0;DCD_8.EnablePowerStage;DCD_8.SetAngle;DCD_7.EnablePowerStage;DCD_7.SetSpeed;SD;-628;0;0;1;1;0;0;1;reflector;500;1;0;0;0;No error;-1;1;0;0;0;0;0;0;0;0;1;0;0;0;0;0;0;0;0;0;0;0;0;0;0;0;0;0;0;0;0;0;0;0;0;1;0;0;3;1;1;0;3;0;WaitNewOrder;1;0;0;20;0;0;0;0;0;0;0;0;0;5;0;NormalState;0;1;7;0;70;0;90;8000;300;4;Finished;3;1149;1;1000;4;3;1;0;0;65535;0;0;0;0;0;0;0;0
42.54.519;250;2000;0;UserDefined.Braker_Signal;0;1;SDIO.DigitalInput12_EMO;0;0;0;0;0;0;0;0;0;0;0;0;;0;0;100;0;1;300;0;0;200;80;900;2000;;1000;1;0;200;225;0;35;153;QUAD;5;0;0;0;0;0;0;0;0;0;0;0;0;0;0;0;0;0;0;0;0;0;1;0;0;0;0;0;0;0;0;0;0;0;0;0;0;0;0;0;0;0;0;0;4;0;0;0;0;0;0;0;0;0;0;0;0;0;0;0;0;0;0;0;0;0;0;0;0;0;0;0;0;0;0;0;0;0;0;0;0;0;0;0;0;0;0;0;0;0;0;0;0;0;0;0;0;0;0;0;0;0;0;0;0;0;0;0;0;0;0;0;0;0;0;0;0;0;0;0;0;NotUsed;DCD_6.WheelAngle;DCD_5.DriveEncDist;NotUsed;DCD_5.DriveEncSpeed;120;105;-105;0;0;DCD_6.EnablePowerStage;DCD_6.SetAngle;DCD_5.EnablePowerStage;DCD_5.SetSpeed;SD;628;0;NotUsed;DCD_8.WheelAngle;DCD_7.DriveEncDist;NotUsed;DCD_7.DriveEncSpeed;120;105;-105;0;0;DCD_8.EnablePowerStage;DCD_8.SetAngle;DCD_7.EnablePowerStage;DCD_7.SetSpeed;SD;-628;0;1;1;0;0;0;1;reflector;500;1;0;0;0;No error;-1;1;0;0;0;0;0;0;0;0;1;0;0;0;0;0;0;0;0;0;0;0;0;0;0;0;0;0;0;0;0;0;0;0;0;1;0;0;3;1;1;0;3;0;WaitNewOrder;1;0;0;20;0;0;0;0;0;0;0;0;0;5;0;NormalState;0;1;7;0;70;0;90;8000;300;4;Finished;3;1149;1;1000;4;3;1;0;0;65535;0;0;0;0;0;0;0;0
42.55.519;250;2000;0;UserDefined.Braker_Signal;0;1;SDIO.DigitalInput12_EMO;0;0;0;0;0;0;0;0;0;0;0;0;;0;0;100;0;1;300;0;0;200;80;900;2000;;1000;1;0;200;225;0;35;153;QUAD;5;0;0;0;0;0;0;0;0;0;0;0;0;0;0;0;0;0;0;0;0;0;1;0;0;0;0;0;0;0;0;0;0;0;0;0;0;0;0;0;0;0;0;0;4;0;0;0;0;0;0;0;0;0;0;0;0;0;0;0;0;0;0;0;0;0;0;0;0;0;0;0;0;0;0;0;0;0;0;0;0;0;0;0;0;0;0;0;0;0;0;0;0;0;0;0;0;0;0;0;0;0;0;0;0;0;0;0;0;0;0;0;0;0;0;0;0;0;0;0;0;NotUsed;DCD_6.WheelAngle;DCD_5.DriveEncDist;NotUsed;DCD_5.DriveEncSpeed;120;105;-105;0;0;DCD_6.EnablePowerStage;DCD_6.SetAngle;DCD_5.EnablePowerStage;DCD_5.SetSpeed;SD;628;0;NotUsed;DCD_8.WheelAngle;DCD_7.DriveEncDist;NotUsed;DCD_7.DriveEncSpeed;120;105;-105;0;0;DCD_8.EnablePowerStage;DCD_8.SetAngle;DCD_7.EnablePowerStage;DCD_7.SetSpeed;SD;-628;0;0;1;0;0;0;1;reflector;500;1;0;0;0;No error;-1;1;0;0;0;0;0;0;0;0;1;0;0;0;0;0;0;0;0;0;0;0;0;0;0;0;0;0;0;0;0;0;0;0;0;1;0;0;3;1;1;0;3;0;WaitNewOrder;1;0;0;20;0;0;0;0;0;0;0;0;0;5;0;NormalState;0;1;7;0;70;0;90;8000;300;4;Finished;3;1149;1;1000;4;3;1;0;0;65535;0;0;0;0;0;0;0;0
42.56.519;250;2000;0;UserDefined.Braker_Signal;0;1;SDIO.DigitalInput12_EMO;0;0;0;0;0;0;0;0;0;0;0;0;;0;0;100;0;1;300;0;0;200;80;900;2000;;1000;1;0;200;225;0;35;153;QUAD;5;0;0;0;0;0;0;0;0;0;0;0;0;0;0;0;0;0;0;0;0;0;1;0;0;0;0;0;0;0;0;0;0;0;0;0;0;0;0;0;0;0;0;0;4;0;0;0;0;0;0;0;0;0;0;0;0;0;0;0;0;0;0;0;0;0;0;0;0;0;0;0;0;0;0;0;0;0;0;0;0;0;0;0;0;0;0;0;0;0;0;0;0;0;0;0;0;0;0;0;0;0;0;0;0;0;0;0;0;0;0;0;0;0;0;0;0;0;0;0;0;NotUsed;DCD_6.WheelAngle;DCD_5.DriveEncDist;NotUsed;DCD_5.DriveEncSpeed;120;105;-105;0;0;DCD_6.EnablePowerStage;DCD_6.SetAngle;DCD_5.EnablePowerStage;DCD_5.SetSpeed;SD;628;0;NotUsed;DCD_8.WheelAngle;DCD_7.DriveEncDist;NotUsed;DCD_7.DriveEncSpeed;120;105;-105;0;0;DCD_8.EnablePowerStage;DCD_8.SetAngle;DCD_7.EnablePowerStage;DCD_7.SetSpeed;SD;-628;0;0;1;0;0;0;1;reflector;500;1;0;0;0;No error;-1;1;0;0;0;0;0;0;0;0;1;0;0;0;0;0;0;0;0;0;0;0;0;0;0;0;0;0;0;0;0;0;0;0;0;1;0;0;3;1;1;0;3;0;WaitNewOrder;1;0;0;20;0;0;0;0;0;0;0;0;0;5;0;NormalState;0;1;7;0;70;0;90;8000;300;4;Finished;3;1149;1;1000;4;3;1;0;0;65535;0;0;0;0;0;0;0;0
42.57.518;250;2000;0;UserDefined.Braker_Signal;0;1;SDIO.DigitalInput12_EMO;0;0;0;0;0;0;0;0;0;0;0;0;;0;0;100;0;1;300;0;0;200;80;900;2000;;1000;1;0;200;225;0;35;153;QUAD;5;0;0;0;0;0;0;0;0;0;0;0;0;0;0;0;0;0;0;0;0;0;1;0;0;0;0;0;0;0;0;0;0;0;0;0;0;0;0;0;0;0;0;0;4;0;0;0;0;0;0;0;0;0;0;0;0;0;0;0;0;0;0;0;0;0;0;0;0;0;0;0;0;0;0;0;0;0;0;0;0;0;0;0;0;0;0;0;0;0;0;0;0;0;0;0;0;0;0;0;0;0;0;0;0;0;0;0;0;0;0;0;0;0;0;0;0;0;0;0;0;NotUsed;DCD_6.WheelAngle;DCD_5.DriveEncDist;NotUsed;DCD_5.DriveEncSpeed;120;105;-105;0;0;DCD_6.EnablePowerStage;DCD_6.SetAngle;DCD_5.EnablePowerStage;DCD_5.SetSpeed;SD;628;0;NotUsed;DCD_8.WheelAngle;DCD_7.DriveEncDist;NotUsed;DCD_7.DriveEncSpeed;120;105;-105;0;0;DCD_8.EnablePowerStage;DCD_8.SetAngle;DCD_7.EnablePowerStage;DCD_7.SetSpeed;SD;-628;0;1;0;0;0;0;1;reflector;500;1;0;0;0;No error;-1;1;0;0;0;0;0;0;0;0;1;0;0;0;0;0;0;0;0;0;0;0;0;0;0;0;0;0;0;0;0;0;0;0;0;1;0;0;3;1;1;0;3;0;WaitNewOrder;1;0;0;20;0;0;0;0;0;0;0;0;0;5;0;NormalState;0;1;7;0;70;0;90;8000;300;4;Finished;3;1149;1;1000;4;3;1;0;0;65535;0;0;0;0;0;0;0;0
42.58.518;250;2000;0;UserDefined.Braker_Signal;0;1;SDIO.DigitalInput12_EMO;0;0;0;0;0;0;0;0;0;0;0;0;;0;0;100;0;1;300;0;0;200;80;900;2000;;1000;1;0;200;225;0;35;153;QUAD;5;0;0;0;0;0;0;0;0;0;0;0;0;0;0;0;0;0;0;0;0;0;1;0;0;0;0;0;0;0;0;0;0;0;0;0;0;0;0;0;0;0;0;0;4;0;0;0;0;0;0;0;0;0;0;0;0;0;0;0;0;0;0;0;0;0;0;0;0;0;0;0;0;0;0;0;0;0;0;0;0;0;0;0;0;0;0;0;0;0;0;0;0;0;0;0;0;0;0;0;0;0;0;0;0;0;0;0;0;0;0;0;0;0;0;0;0;0;0;0;0;NotUsed;DCD_6.WheelAngle;DCD_5.DriveEncDist;NotUsed;DCD_5.DriveEncSpeed;120;105;-105;0;0;DCD_6.EnablePowerStage;DCD_6.SetAngle;DCD_5.EnablePowerStage;DCD_5.SetSpeed;SD;628;0;NotUsed;DCD_8.WheelAngle;DCD_7.DriveEncDist;NotUsed;DCD_7.DriveEncSpeed;120;105;-105;0;0;DCD_8.EnablePowerStage;DCD_8.SetAngle;DCD_7.EnablePowerStage;DCD_7.SetSpeed;SD;-628;0;2;0;0;0;0;1;reflector;500;1;0;0;0;No error;-1;1;0;0;0;0;0;0;0;0;1;0;0;0;0;0;0;0;0;0;0;0;0;0;0;0;0;0;0;0;0;0;0;0;0;1;0;0;3;1;1;0;3;0;WaitNewOrder;1;0;0;20;0;0;0;0;0;0;0;0;0;5;0;NormalState;0;1;7;0;70;0;90;8000;300;4;Finished;3;1149;1;1000;4;3;1;0;0;65535;0;0;0;0;0;0;0;0
42.59.518;250;2000;0;UserDefined.Braker_Signal;0;1;SDIO.DigitalInput12_EMO;0;0;0;0;0;0;0;0;0;0;0;0;;0;0;100;0;1;300;0;0;200;80;900;2000;;1000;1;0;200;225;0;35;153;QUAD;5;0;0;0;0;0;0;0;0;0;0;0;0;0;0;0;0;0;0;0;0;0;1;0;0;0;0;0;0;0;0;0;0;0;0;0;0;0;0;0;0;0;0;0;4;0;0;0;0;0;0;0;0;0;0;0;0;0;0;0;0;0;0;0;0;0;0;0;0;0;0;0;0;0;0;0;0;0;0;0;0;0;0;0;0;0;0;0;0;0;0;0;0;0;0;0;0;0;0;0;0;0;0;0;0;0;0;0;0;0;0;0;0;0;0;0;0;0;0;0;0;NotUsed;DCD_6.WheelAngle;DCD_5.DriveEncDist;NotUsed;DCD_5.DriveEncSpeed;120;105;-105;0;0;DCD_6.EnablePowerStage;DCD_6.SetAngle;DCD_5.EnablePowerStage;DCD_5.SetSpeed;SD;628;0;NotUsed;DCD_8.WheelAngle;DCD_7.DriveEncDist;NotUsed;DCD_7.DriveEncSpeed;120;105;-105;0;0;DCD_8.EnablePowerStage;DCD_8.SetAngle;DCD_7.EnablePowerStage;DCD_7.SetSpeed;SD;-628;0;-1;0;0;0;0;1;reflector;500;1;0;0;0;No error;-1;1;0;0;0;0;0;0;0;0;1;0;0;0;0;0;0;0;0;0;0;0;0;0;0;0;0;0;0;0;0;0;0;0;0;1;0;0;3;1;1;0;3;0;WaitNewOrder;1;0;0;20;0;0;0;0;0;0;0;0;0;5;0;NormalState;0;1;7;0;70;0;90;8000;300;4;Finished;3;1149;1;1000;4;3;1;0;0;65535;0;0;0;0;0;0;0;0
43.0.518;250;2000;0;UserDefined.Braker_Signal;0;1;SDIO.DigitalInput12_EMO;0;0;0;0;0;0;0;0;0;0;0;0;;0;0;100;0;1;300;0;0;200;80;900;2000;;1000;1;0;200;225;0;35;153;QUAD;5;0;0;0;0;0;0;0;0;0;0;0;0;0;0;0;0;0;0;0;0;0;1;0;0;0;0;0;0;0;0;0;0;0;0;0;0;0;0;0;0;0;0;0;4;0;0;0;0;0;0;0;0;0;0;0;0;0;0;0;0;0;0;0;0;0;0;0;0;0;0;0;0;0;0;0;0;0;0;0;0;0;0;0;0;0;0;0;0;0;0;0;0;0;0;0;0;0;0;0;0;0;0;0;0;0;0;0;0;0;0;0;0;0;0;0;0;0;0;0;0;NotUsed;DCD_6.WheelAngle;DCD_5.DriveEncDist;NotUsed;DCD_5.DriveEncSpeed;120;105;-105;0;0;DCD_6.EnablePowerStage;DCD_6.SetAngle;DCD_5.EnablePowerStage;DCD_5.SetSpeed;SD;628;0;NotUsed;DCD_8.WheelAngle;DCD_7.DriveEncDist;NotUsed;DCD_7.DriveEncSpeed;120;105;-105;0;0;DCD_8.EnablePowerStage;DCD_8.SetAngle;DCD_7.EnablePowerStage;DCD_7.SetSpeed;SD;-628;0;-2;0;0;0;0;1;reflector;500;1;0;0;0;No error;-1;1;0;0;0;0;0;0;0;0;1;0;0;0;0;0;0;0;0;0;0;0;0;0;0;0;0;0;0;0;0;0;0;0;0;1;0;0;3;1;1;0;3;0;WaitNewOrder;1;0;0;20;0;0;0;0;0;0;0;0;0;5;0;NormalState;0;1;7;0;70;0;90;8000;300;4;Finished;3;1149;1;1000;4;3;1;0;0;65535;0;0;0;0;0;0;0;0
43.1.518;250;2000;0;UserDefined.Braker_Signal;0;1;SDIO.DigitalInput12_EMO;0;0;0;0;0;0;0;0;0;0;0;0;;0;0;100;0;1;300;0;0;200;80;900;2000;;1000;1;0;200;225;0;35;153;QUAD;5;0;0;0;0;0;0;0;0;0;0;0;0;0;0;0;0;0;0;0;0;0;1;0;0;0;0;0;0;0;0;0;0;0;0;0;0;0;0;0;0;0;0;0;4;0;0;0;0;0;0;0;0;0;0;0;0;0;0;0;0;0;0;0;0;0;0;0;0;0;0;0;0;0;0;0;0;0;0;0;0;0;0;0;0;0;0;0;0;0;0;0;0;0;0;0;0;0;0;0;0;0;0;0;0;0;0;0;0;0;0;0;0;0;0;0;0;0;0;0;0;NotUsed;DCD_6.WheelAngle;DCD_5.DriveEncDist;NotUsed;DCD_5.DriveEncSpeed;120;105;-105;0;0;DCD_6.EnablePowerStage;DCD_6.SetAngle;DCD_5.EnablePowerStage;DCD_5.SetSpeed;SD;628;0;NotUsed;DCD_8.WheelAngle;DCD_7.DriveEncDist;NotUsed;DCD_7.DriveEncSpeed;120;105;-105;0;0;DCD_8.EnablePowerStage;DCD_8.SetAngle;DCD_7.EnablePowerStage;DCD_7.SetSpeed;SD;-628;0;1;0;0;0;0;1;reflector;500;1;0;0;0;No error;-1;1;0;0;0;0;0;0;0;0;1;0;0;0;0;0;0;0;0;0;0;0;0;0;0;0;0;0;0;0;0;0;0;0;0;1;0;0;3;1;1;0;3;0;WaitNewOrder;1;0;0;20;0;0;0;0;0;0;0;0;0;5;0;NormalState;0;1;7;0;70;0;90;8000;300;4;Finished;3;1149;1;1000;4;3;1;0;0;65535;0;0;0;0;0;0;0;0
43.2.518;250;2000;0;UserDefined.Braker_Signal;0;1;SDIO.DigitalInput12_EMO;0;0;0;0;0;0;0;0;0;0;0;0;;0;0;100;0;1;300;0;0;200;80;900;2000;;1000;1;0;200;225;0;35;153;QUAD;5;0;0;0;0;0;0;0;0;0;0;0;0;0;0;0;0;0;0;0;0;0;1;0;0;0;0;0;0;0;0;0;0;0;0;0;0;0;0;0;0;0;0;0;4;0;0;0;0;0;0;0;0;0;0;0;0;0;0;0;0;0;0;0;0;0;0;0;0;0;0;0;0;0;0;0;0;0;0;0;0;0;0;0;0;0;0;0;0;0;0;0;0;0;0;0;0;0;0;0;0;0;0;0;0;0;0;0;0;0;0;0;0;0;0;0;0;0;0;0;0;NotUsed;DCD_6.WheelAngle;DCD_5.DriveEncDist;NotUsed;DCD_5.DriveEncSpeed;120;105;-105;0;0;DCD_6.EnablePowerStage;DCD_6.SetAngle;DCD_5.EnablePowerStage;DCD_5.SetSpeed;SD;628;0;NotUsed;DCD_8.WheelAngle;DCD_7.DriveEncDist;NotUsed;DCD_7.DriveEncSpeed;120;105;-105;0;0;DCD_8.EnablePowerStage;DCD_8.SetAngle;DCD_7.EnablePowerStage;DCD_7.SetSpeed;SD;-628;0;-1;0;0;0;0;1;reflector;500;1;0;0;0;No error;-1;1;0;0;0;0;0;0;0;0;1;0;0;0;0;0;0;0;0;0;0;0;0;0;0;0;0;0;0;0;0;0;0;0;0;1;0;0;3;1;1;0;3;0;WaitNewOrder;1;0;0;20;0;0;0;0;0;0;0;0;0;5;0;NormalState;0;1;7;0;70;0;90;8000;300;4;Finished;3;1149;1;1000;4;3;1;0;0;65535;0;0;0;0;0;0;0;0
43.3.518;250;2000;0;UserDefined.Braker_Signal;0;1;SDIO.DigitalInput12_EMO;0;0;0;0;0;0;0;0;0;0;0;0;;0;0;100;0;1;300;0;0;200;80;900;2000;;1000;1;0;200;225;0;35;153;QUAD;5;0;0;0;0;0;0;0;0;0;0;0;0;0;0;0;0;0;0;0;0;0;1;0;0;0;0;0;0;0;0;0;0;0;0;0;0;0;0;0;0;0;0;0;4;0;0;0;0;0;0;0;0;0;0;0;0;0;0;0;0;0;0;0;0;0;0;0;0;0;0;0;0;0;0;0;0;0;0;0;0;0;0;0;0;0;0;0;0;0;0;0;0;0;0;0;0;0;0;0;0;0;0;0;0;0;0;0;0;0;0;0;0;0;0;0;0;0;0;0;0;NotUsed;DCD_6.WheelAngle;DCD_5.DriveEncDist;NotUsed;DCD_5.DriveEncSpeed;120;105;-105;0;0;DCD_6.EnablePowerStage;DCD_6.SetAngle;DCD_5.EnablePowerStage;DCD_5.SetSpeed;SD;628;0;NotUsed;DCD_8.WheelAngle;DCD_7.DriveEncDist;NotUsed;DCD_7.DriveEncSpeed;120;105;-105;0;0;DCD_8.EnablePowerStage;DCD_8.SetAngle;DCD_7.EnablePowerStage;DCD_7.SetSpeed;SD;-628;0;-2;0;0;0;0;1;reflector;500;1;0;0;0;No error;-1;1;0;0;0;0;0;0;0;0;1;0;0;0;0;0;0;0;0;0;0;0;0;0;0;0;0;0;0;0;0;0;0;0;0;1;0;0;3;1;1;0;3;0;WaitNewOrder;1;0;0;20;0;0;0;0;0;0;0;0;0;5;0;NormalState;0;1;7;0;70;0;90;8000;300;4;Finished;3;1149;1;1000;4;3;1;0;0;65535;0;0;0;0;0;0;0;0
43.4.518;250;2000;0;UserDefined.Braker_Signal;0;1;SDIO.DigitalInput12_EMO;0;0;0;0;0;0;0;0;0;0;0;0;;0;0;100;0;1;300;0;0;200;80;900;2000;;1000;1;0;200;225;0;35;153;QUAD;5;0;0;0;0;0;0;0;0;0;0;0;0;0;0;0;0;0;0;0;0;0;1;0;0;0;0;0;0;0;0;0;0;0;0;0;0;0;0;0;0;0;0;0;4;0;0;0;0;0;0;0;0;0;0;0;0;0;0;0;0;0;0;0;0;0;0;0;0;0;0;0;0;0;0;0;0;0;0;0;0;0;0;0;0;0;0;0;0;0;0;0;0;0;0;0;0;0;0;0;0;0;0;0;0;0;0;0;0;0;0;0;0;0;0;0;0;0;0;0;0;NotUsed;DCD_6.WheelAngle;DCD_5.DriveEncDist;NotUsed;DCD_5.DriveEncSpeed;120;105;-105;0;0;DCD_6.EnablePowerStage;DCD_6.SetAngle;DCD_5.EnablePowerStage;DCD_5.SetSpeed;SD;628;0;NotUsed;DCD_8.WheelAngle;DCD_7.DriveEncDist;NotUsed;DCD_7.DriveEncSpeed;120;105;-105;0;0;DCD_8.EnablePowerStage;DCD_8.SetAngle;DCD_7.EnablePowerStage;DCD_7.SetSpeed;SD;-628;0;1;0;0;0;0;1;reflector;500;1;0;0;0;No error;-1;1;0;0;0;0;0;0;0;0;1;0;0;0;0;0;0;0;0;0;0;0;0;0;0;0;0;0;0;0;0;0;0;0;0;1;0;0;3;1;1;0;3;0;WaitNewOrder;1;0;0;20;0;0;0;0;0;0;0;0;0;5;0;NormalState;0;1;7;0;70;0;90;8000;300;4;Finished;3;1149;1;1000;4;3;1;0;0;65535;0;0;0;0;0;0;0;0
43.5.518;250;2000;0;UserDefined.Braker_Signal;0;1;SDIO.DigitalInput12_EMO;0;0;0;0;0;0;0;0;0;0;0;0;;0;0;100;0;1;300;0;0;200;80;900;2000;;1000;1;0;200;225;0;35;153;QUAD;5;0;0;0;0;0;0;0;0;0;0;0;0;0;0;0;0;0;0;0;0;0;1;0;0;0;0;0;0;0;0;0;0;0;0;0;0;0;0;0;0;0;0;0;4;0;0;0;0;0;0;0;0;0;0;0;0;0;0;0;0;0;0;0;0;0;0;0;0;0;0;0;0;0;0;0;0;0;0;0;0;0;0;0;0;0;0;0;0;0;0;0;0;0;0;0;0;0;0;0;0;0;0;0;0;0;0;0;0;0;0;0;0;0;0;0;0;0;0;0;0;NotUsed;DCD_6.WheelAngle;DCD_5.DriveEncDist;NotUsed;DCD_5.DriveEncSpeed;120;105;-105;0;0;DCD_6.EnablePowerStage;DCD_6.SetAngle;DCD_5.EnablePowerStage;DCD_5.SetSpeed;SD;628;0;NotUsed;DCD_8.WheelAngle;DCD_7.DriveEncDist;NotUsed;DCD_7.DriveEncSpeed;120;105;-105;0;0;DCD_8.EnablePowerStage;DCD_8.SetAngle;DCD_7.EnablePowerStage;DCD_7.SetSpeed;SD;-628;0;-1;0;0;0;0;1;reflector;500;1;0;0;0;No error;-1;1;0;0;0;0;0;0;0;0;1;0;0;0;0;0;0;0;0;0;0;0;0;0;0;0;0;0;0;0;0;0;0;0;0;1;0;0;3;1;1;0;3;0;WaitNewOrder;1;0;0;20;0;0;0;0;0;0;0;0;0;5;0;NormalState;0;1;7;0;70;0;90;8000;300;4;Finished;3;1149;1;1000;4;3;1;0;0;65535;0;0;0;0;0;0;0;0
43.6.518;250;2000;0;UserDefined.Braker_Signal;0;1;SDIO.DigitalInput12_EMO;0;0;0;0;0;0;0;0;0;0;0;0;;0;0;100;0;1;300;0;0;200;80;900;2000;;1000;1;0;200;225;0;35;153;QUAD;5;0;0;0;0;0;0;0;0;0;0;0;0;0;0;0;0;0;0;0;0;0;1;0;0;0;0;0;0;0;0;0;0;0;0;0;0;0;0;0;0;0;0;0;4;0;0;0;0;0;0;0;0;0;0;0;0;0;0;0;0;0;0;0;0;0;0;0;0;0;0;0;0;0;0;0;0;0;0;0;0;0;0;0;0;0;0;0;0;0;0;0;0;0;0;0;0;0;0;0;0;0;0;0;0;0;0;0;0;0;0;0;0;0;0;0;0;0;0;0;0;NotUsed;DCD_6.WheelAngle;DCD_5.DriveEncDist;NotUsed;DCD_5.DriveEncSpeed;120;105;-105;0;0;DCD_6.EnablePowerStage;DCD_6.SetAngle;DCD_5.EnablePowerStage;DCD_5.SetSpeed;SD;628;0;NotUsed;DCD_8.WheelAngle;DCD_7.DriveEncDist;NotUsed;DCD_7.DriveEncSpeed;120;105;-105;0;0;DCD_8.EnablePowerStage;DCD_8.SetAngle;DCD_7.EnablePowerStage;DCD_7.SetSpeed;SD;-628;0;-2;0;0;0;0;1;reflector;500;1;0;0;0;No error;-1;1;0;0;0;0;0;0;0;0;1;0;0;0;0;0;0;0;0;0;0;0;0;0;0;0;0;0;0;0;0;0;0;0;0;1;0;0;3;1;1;0;3;0;WaitNewOrder;1;0;0;20;0;0;0;0;0;0;0;0;0;5;0;NormalState;0;1;7;0;70;0;90;8000;300;4;Finished;3;1149;1;1000;4;3;1;0;0;65535;0;0;0;0;0;0;0;0
43.7.518;250;2000;0;UserDefined.Braker_Signal;0;1;SDIO.DigitalInput12_EMO;0;0;0;0;0;0;0;0;0;0;0;0;;0;0;100;0;1;300;0;0;200;80;900;2000;;1000;1;0;200;225;0;35;153;QUAD;5;0;0;0;0;0;0;0;0;0;0;0;0;0;0;0;0;0;0;0;0;0;1;0;0;0;0;0;0;0;0;0;0;0;0;0;0;0;0;0;0;0;0;0;4;0;0;0;0;0;0;0;0;0;0;0;0;0;0;0;0;0;0;0;0;0;0;0;0;0;0;0;0;0;0;0;0;0;0;0;0;0;0;0;0;0;0;0;0;0;0;0;0;0;0;0;0;0;0;0;0;0;0;0;0;0;0;0;0;0;0;0;0;0;0;0;0;0;0;0;0;NotUsed;DCD_6.WheelAngle;DCD_5.DriveEncDist;NotUsed;DCD_5.DriveEncSpeed;120;105;-105;0;0;DCD_6.EnablePowerStage;DCD_6.SetAngle;DCD_5.EnablePowerStage;DCD_5.SetSpeed;SD;628;0;NotUsed;DCD_8.WheelAngle;DCD_7.DriveEncDist;NotUsed;DCD_7.DriveEncSpeed;120;105;-105;0;0;DCD_8.EnablePowerStage;DCD_8.SetAngle;DCD_7.EnablePowerStage;DCD_7.SetSpeed;SD;-628;0;1;0;0;0;0;1;reflector;500;1;0;0;0;No error;-1;1;0;0;0;0;0;0;0;0;1;0;0;0;0;0;0;0;0;0;0;0;0;0;0;0;0;0;0;0;0;0;0;0;0;1;0;0;3;1;1;0;3;0;WaitNewOrder;1;0;0;20;0;0;0;0;0;0;0;0;0;5;0;NormalState;0;1;7;0;70;0;90;8000;300;4;Finished;3;1149;1;1000;4;3;1;0;0;65535;0;0;0;0;0;0;0;0
43.8.518;250;2000;0;UserDefined.Braker_Signal;0;1;SDIO.DigitalInput12_EMO;0;0;0;0;0;0;0;0;0;0;0;0;;0;0;100;0;1;300;0;0;200;80;900;2000;;1000;1;0;200;225;0;35;153;QUAD;5;0;0;0;0;0;0;0;0;0;0;0;0;0;0;0;0;0;0;0;0;0;1;0;0;0;0;0;0;0;0;0;0;0;0;0;0;0;0;0;0;0;0;0;4;0;0;0;0;0;0;0;0;0;0;0;0;0;0;0;0;0;0;0;0;0;0;0;0;0;0;0;0;0;0;0;0;0;0;0;0;0;0;0;0;0;0;0;0;0;0;0;0;0;0;0;0;0;0;0;0;0;0;0;0;0;0;0;0;0;0;0;0;0;0;0;0;0;0;0;0;NotUsed;DCD_6.WheelAngle;DCD_5.DriveEncDist;NotUsed;DCD_5.DriveEncSpeed;120;105;-105;0;0;DCD_6.EnablePowerStage;DCD_6.SetAngle;DCD_5.EnablePowerStage;DCD_5.SetSpeed;SD;628;0;NotUsed;DCD_8.WheelAngle;DCD_7.DriveEncDist;NotUsed;DCD_7.DriveEncSpeed;120;105;-105;0;0;DCD_8.EnablePowerStage;DCD_8.SetAngle;DCD_7.EnablePowerStage;DCD_7.SetSpeed;SD;-628;0;0;0;0;0;0;1;reflector;500;1;0;0;0;No error;-1;1;0;0;0;0;0;0;0;0;1;0;0;0;0;0;0;0;0;0;0;0;0;0;0;0;0;0;0;0;0;0;0;0;0;1;0;0;3;1;1;0;3;0;WaitNewOrder;1;0;0;20;0;0;0;0;0;0;0;0;0;5;0;NormalState;0;1;7;0;70;0;90;8000;300;4;Finished;3;1149;1;1000;4;3;1;0;0;65535;0;0;0;0;0;0;0;0
43.9.518;250;2000;0;UserDefined.Braker_Signal;0;1;SDIO.DigitalInput12_EMO;0;0;0;0;0;0;0;0;0;0;0;0;;0;0;100;0;1;300;0;0;200;80;900;2000;;1000;1;0;200;225;0;35;153;QUAD;5;0;0;0;0;0;0;0;0;0;0;0;0;0;0;0;0;0;0;0;0;0;1;0;0;0;0;0;0;0;0;0;0;0;0;0;0;0;0;0;0;0;0;0;4;0;0;0;0;0;0;0;0;0;0;0;0;0;0;0;0;0;0;0;0;0;0;0;0;0;0;0;0;0;0;0;0;0;0;0;0;0;0;0;0;0;0;0;0;0;0;0;0;0;0;0;0;0;0;0;0;0;0;0;0;0;0;0;0;0;0;0;0;0;0;0;0;0;0;0;0;NotUsed;DCD_6.WheelAngle;DCD_5.DriveEncDist;NotUsed;DCD_5.DriveEncSpeed;120;105;-105;0;0;DCD_6.EnablePowerStage;DCD_6.SetAngle;DCD_5.EnablePowerStage;DCD_5.SetSpeed;SD;628;0;NotUsed;DCD_8.WheelAngle;DCD_7.DriveEncDist;NotUsed;DCD_7.DriveEncSpeed;120;105;-105;0;0;DCD_8.EnablePowerStage;DCD_8.SetAngle;DCD_7.EnablePowerStage;DCD_7.SetSpeed;SD;-628;0;0;0;0;0;0;1;reflector;500;1;0;0;0;No error;-1;1;0;0;0;0;0;0;0;0;1;0;0;0;0;0;0;0;0;0;0;0;0;0;0;0;0;0;0;0;0;0;0;0;0;1;0;0;3;1;1;0;3;0;WaitNewOrder;1;0;0;20;0;0;0;0;0;0;0;0;0;5;0;NormalState;0;1;7;0;70;0;90;8000;300;4;Finished;3;1149;1;1000;4;3;1;0;0;65535;0;0;0;0;0;0;0;0
43.10.564;250;2000;0;UserDefined.Braker_Signal;0;1;SDIO.DigitalInput12_EMO;0;0;0;0;0;0;0;0;0;0;0;0;;0;0;100;0;1;300;0;0;200;80;900;2000;;1000;1;0;200;225;0;35;153;QUAD;5;0;0;0;0;0;0;0;0;0;0;0;0;0;0;0;0;0;0;0;0;0;1;0;0;0;0;0;0;0;0;0;0;0;0;0;0;0;0;0;0;0;0;0;4;0;0;0;0;0;0;0;0;0;0;0;0;0;0;0;0;0;0;0;0;0;0;0;0;0;0;0;0;0;0;0;0;0;0;0;0;0;0;0;0;0;0;0;0;0;0;0;0;0;0;0;0;0;0;0;0;0;0;0;0;0;0;0;0;0;0;0;0;0;0;0;0;0;0;0;0;NotUsed;DCD_6.WheelAngle;DCD_5.DriveEncDist;NotUsed;DCD_5.DriveEncSpeed;120;105;-105;0;0;DCD_6.EnablePowerStage;DCD_6.SetAngle;DCD_5.EnablePowerStage;DCD_5.SetSpeed;SD;628;0;NotUsed;DCD_8.WheelAngle;DCD_7.DriveEncDist;NotUsed;DCD_7.DriveEncSpeed;120;105;-105;0;0;DCD_8.EnablePowerStage;DCD_8.SetAngle;DCD_7.EnablePowerStage;DCD_7.SetSpeed;SD;-628;0;-2;0;0;0;0;1;reflector;500;1;0;0;0;No error;-1;1;0;0;0;0;0;0;0;0;1;0;0;0;0;0;0;0;0;0;0;0;0;0;0;0;0;0;0;0;0;0;0;0;0;1;0;0;3;1;1;0;3;0;WaitNewOrder;1;0;0;20;0;0;0;0;0;0;0;0;0;5;0;NormalState;0;1;7;0;70;0;90;8000;300;4;Finished;3;1149;1;1000;4;3;1;0;0;65535;0;0;0;0;0;0;0;0
43.11.517;250;2000;0;UserDefined.Braker_Signal;0;1;SDIO.DigitalInput12_EMO;0;0;0;0;0;0;0;0;0;0;0;0;;0;0;100;0;1;300;0;0;200;80;900;2000;;1000;1;0;200;225;0;35;153;QUAD;5;0;0;0;0;0;0;0;0;0;0;0;0;0;0;0;0;0;0;0;0;0;1;0;0;0;0;0;0;0;0;0;0;0;0;0;0;0;0;0;0;0;0;0;4;0;0;0;0;0;0;0;0;0;0;0;0;0;0;0;0;0;0;0;0;0;0;0;0;0;0;0;0;0;0;0;0;0;0;0;0;0;0;0;0;0;0;0;0;0;0;0;0;0;0;0;0;0;0;0;0;0;0;0;0;0;0;0;0;0;0;0;0;0;0;0;0;0;0;0;0;NotUsed;DCD_6.WheelAngle;DCD_5.DriveEncDist;NotUsed;DCD_5.DriveEncSpeed;120;105;-105;0;0;DCD_6.EnablePowerStage;DCD_6.SetAngle;DCD_5.EnablePowerStage;DCD_5.SetSpeed;SD;628;0;NotUsed;DCD_8.WheelAngle;DCD_7.DriveEncDist;NotUsed;DCD_7.DriveEncSpeed;120;105;-105;0;0;DCD_8.EnablePowerStage;DCD_8.SetAngle;DCD_7.EnablePowerStage;DCD_7.SetSpeed;SD;-628;0;-1;0;0;0;0;1;reflector;500;1;0;0;0;No error;-1;1;0;0;0;0;0;0;0;0;1;0;0;0;0;0;0;0;0;0;0;0;0;0;0;0;0;0;0;0;0;0;0;0;0;1;0;0;3;1;1;0;3;0;WaitNewOrder;1;0;0;20;0;0;0;0;0;0;0;0;0;5;0;NormalState;0;1;7;0;70;0;90;8000;300;4;Finished;3;1149;1;1000;4;3;1;0;0;65535;0;0;0;0;0;0;0;0
43.12.517;250;2000;0;UserDefined.Braker_Signal;0;1;SDIO.DigitalInput12_EMO;0;0;0;0;0;0;0;0;0;0;0;0;;0;0;100;0;1;300;0;0;200;80;900;2000;;1000;1;0;200;225;0;35;153;QUAD;5;0;0;0;0;0;0;0;0;0;0;0;0;0;0;0;0;0;0;0;0;0;1;0;0;0;0;0;0;0;0;0;0;0;0;0;0;0;0;0;0;0;0;0;4;0;0;0;0;0;0;0;0;0;0;0;0;0;0;0;0;0;0;0;0;0;0;0;0;0;0;0;0;0;0;0;0;0;0;0;0;0;0;0;0;0;0;0;0;0;0;0;0;0;0;0;0;0;0;0;0;0;0;0;0;0;0;0;0;0;0;0;0;0;0;0;0;0;0;0;0;NotUsed;DCD_6.WheelAngle;DCD_5.DriveEncDist;NotUsed;DCD_5.DriveEncSpeed;120;105;-105;0;0;DCD_6.EnablePowerStage;DCD_6.SetAngle;DCD_5.EnablePowerStage;DCD_5.SetSpeed;SD;628;0;NotUsed;DCD_8.WheelAngle;DCD_7.DriveEncDist;NotUsed;DCD_7.DriveEncSpeed;120;105;-105;0;0;DCD_8.EnablePowerStage;DCD_8.SetAngle;DCD_7.EnablePowerStage;DCD_7.SetSpeed;SD;-628;0;0;0;0;0;0;1;reflector;500;1;0;0;0;No error;-1;1;0;0;0;0;0;0;0;0;1;0;0;0;0;0;0;0;0;0;0;0;0;0;0;0;0;0;0;0;0;0;0;0;0;1;0;0;3;1;1;0;3;0;WaitNewOrder;1;0;0;20;0;0;0;0;0;0;0;0;0;5;0;NormalState;0;1;7;0;70;0;90;8000;300;4;Finished;3;1149;1;1000;4;3;1;0;0;65535;0;0;0;0;0;0;0;0
43.13.512;250;2000;0;UserDefined.Braker_Signal;0;1;SDIO.DigitalInput12_EMO;0;0;0;0;0;0;0;0;0;0;0;0;;0;0;100;0;1;300;0;0;200;80;900;2000;;1000;1;0;200;225;0;35;153;QUAD;5;0;0;0;0;0;0;0;0;0;0;0;0;0;0;0;0;0;0;0;0;0;1;0;0;0;0;0;0;0;0;0;0;0;0;0;0;0;0;0;0;0;0;0;4;0;0;0;0;0;0;0;0;0;0;0;0;0;0;0;0;0;0;0;0;0;0;0;0;0;0;0;0;0;0;0;0;0;0;0;0;0;0;0;0;0;0;0;0;0;0;0;0;0;0;0;0;0;0;0;0;0;0;0;0;0;0;0;0;0;0;0;0;0;0;0;0;0;0;0;0;NotUsed;DCD_6.WheelAngle;DCD_5.DriveEncDist;NotUsed;DCD_5.DriveEncSpeed;120;105;-105;0;0;DCD_6.EnablePowerStage;DCD_6.SetAngle;DCD_5.EnablePowerStage;DCD_5.SetSpeed;SD;628;0;NotUsed;DCD_8.WheelAngle;DCD_7.DriveEncDist;NotUsed;DCD_7.DriveEncSpeed;120;105;-105;0;0;DCD_8.EnablePowerStage;DCD_8.SetAngle;DCD_7.EnablePowerStage;DCD_7.SetSpeed;SD;-628;0;-2;0;0;0;0;1;reflector;500;1;0;0;0;No error;-1;1;0;0;0;0;0;0;0;0;1;0;0;0;0;0;0;0;0;0;0;0;0;0;0;0;0;0;0;0;0;0;0;0;0;1;0;0;3;1;1;0;3;0;WaitNewOrder;1;0;0;20;0;0;0;0;0;0;0;0;0;5;0;NormalState;0;1;7;0;70;0;90;8000;300;4;Finished;3;1149;1;1000;4;3;1;0;0;65535;0;0;0;0;0;0;0;0
43.14.505;250;2000;0;UserDefined.Braker_Signal;0;1;SDIO.DigitalInput12_EMO;0;0;0;0;0;0;0;0;0;0;0;0;;0;0;100;0;1;300;0;0;200;80;900;2000;;1000;1;0;200;225;0;35;153;QUAD;5;0;0;0;0;0;0;0;0;0;0;0;0;0;0;0;0;0;0;0;0;0;1;0;0;0;0;0;0;0;0;0;0;0;0;0;0;0;0;0;0;0;0;0;4;0;0;0;0;0;0;0;0;0;0;0;0;0;0;0;0;0;0;0;0;0;0;0;0;0;0;0;0;0;0;0;0;0;0;0;0;0;0;0;0;0;0;0;0;0;0;0;0;0;0;0;0;0;0;0;0;0;0;0;0;0;0;0;0;0;0;0;0;0;0;0;0;0;0;0;0;NotUsed;DCD_6.WheelAngle;DCD_5.DriveEncDist;NotUsed;DCD_5.DriveEncSpeed;120;105;-105;0;0;DCD_6.EnablePowerStage;DCD_6.SetAngle;DCD_5.EnablePowerStage;DCD_5.SetSpeed;SD;628;0;NotUsed;DCD_8.WheelAngle;DCD_7.DriveEncDist;NotUsed;DCD_7.DriveEncSpeed;120;105;-105;0;0;DCD_8.EnablePowerStage;DCD_8.SetAngle;DCD_7.EnablePowerStage;DCD_7.SetSpeed;SD;-628;0;0;0;0;0;0;1;reflector;500;1;0;0;0;No error;-1;1;0;0;0;0;0;0;0;0;1;0;0;0;0;0;0;0;0;0;0;0;0;0;0;0;0;0;0;0;0;0;0;0;0;1;0;0;3;1;1;0;3;0;WaitNewOrder;1;0;0;20;0;0;0;0;0;0;0;0;0;5;0;NormalState;0;1;7;0;70;0;90;8000;300;4;Finished;3;1149;1;1000;4;3;1;0;0;65535;0;0;0;0;0;0;0;0
43.15.505;250;2000;0;UserDefined.Braker_Signal;0;1;SDIO.DigitalInput12_EMO;0;0;0;0;0;0;0;0;0;0;0;0;;0;0;100;0;1;300;0;0;200;80;900;2000;;1000;1;0;200;225;0;35;153;QUAD;5;0;0;0;0;0;0;0;0;0;0;0;0;0;0;0;0;0;0;0;0;0;1;0;0;0;0;0;0;0;0;0;0;0;0;0;0;0;0;0;0;0;0;0;4;0;0;0;0;0;0;0;0;0;0;0;0;0;0;0;0;0;0;0;0;0;0;0;0;0;0;0;0;0;0;0;0;0;0;0;0;0;0;0;0;0;0;0;0;0;0;0;0;0;0;0;0;0;0;0;0;0;0;0;0;0;0;0;0;0;0;0;0;0;0;0;0;0;0;0;0;NotUsed;DCD_6.WheelAngle;DCD_5.DriveEncDist;NotUsed;DCD_5.DriveEncSpeed;120;105;-105;0;0;DCD_6.EnablePowerStage;DCD_6.SetAngle;DCD_5.EnablePowerStage;DCD_5.SetSpeed;SD;628;0;NotUsed;DCD_8.WheelAngle;DCD_7.DriveEncDist;NotUsed;DCD_7.DriveEncSpeed;120;105;-105;0;0;DCD_8.EnablePowerStage;DCD_8.SetAngle;DCD_7.EnablePowerStage;DCD_7.SetSpeed;SD;-628;0;1;0;0;0;0;1;reflector;500;1;0;0;0;No error;-1;1;0;0;0;0;0;0;0;0;1;0;0;0;0;0;0;0;0;0;0;0;0;0;0;0;0;0;0;0;0;0;0;0;0;1;0;0;3;1;1;0;3;0;WaitNewOrder;1;0;0;20;0;0;0;0;0;0;0;0;0;5;0;NormalState;0;1;7;0;70;0;90;8000;300;4;Finished;3;1149;1;1000;4;3;1;0;0;65535;0;0;0;0;0;0;0;0
43.16.505;250;2000;0;UserDefined.Braker_Signal;0;1;SDIO.DigitalInput12_EMO;0;0;0;0;0;0;0;0;0;0;0;0;;0;0;100;0;1;300;0;0;200;80;900;2000;;1000;1;0;200;225;0;35;153;QUAD;5;0;0;0;0;0;0;0;0;0;0;0;0;0;0;0;0;0;0;0;0;0;1;0;0;0;0;0;0;0;0;0;0;0;0;0;0;0;0;0;0;0;0;0;4;0;0;0;0;0;0;0;0;0;0;0;0;0;0;0;0;0;0;0;0;0;0;0;0;0;0;0;0;0;0;0;0;0;0;0;0;0;0;0;0;0;0;0;0;0;0;0;0;0;0;0;0;0;0;0;0;0;0;0;0;0;0;0;0;0;0;0;0;0;0;0;0;0;0;0;0;NotUsed;DCD_6.WheelAngle;DCD_5.DriveEncDist;NotUsed;DCD_5.DriveEncSpeed;120;105;-105;0;0;DCD_6.EnablePowerStage;DCD_6.SetAngle;DCD_5.EnablePowerStage;DCD_5.SetSpeed;SD;628;0;NotUsed;DCD_8.WheelAngle;DCD_7.DriveEncDist;NotUsed;DCD_7.DriveEncSpeed;120;105;-105;0;0;DCD_8.EnablePowerStage;DCD_8.SetAngle;DCD_7.EnablePowerStage;DCD_7.SetSpeed;SD;-628;0;-2;0;0;0;0;1;reflector;500;1;0;0;0;No error;-1;1;0;0;0;0;0;0;0;0;1;0;0;0;0;0;0;0;0;0;0;0;0;0;0;0;0;0;0;0;0;0;0;0;0;1;0;0;3;1;1;0;3;0;WaitNewOrder;1;0;0;20;0;0;0;0;0;0;0;0;0;5;0;NormalState;0;1;7;0;70;0;90;8000;300;4;Finished;3;1149;1;1000;4;3;1;0;0;65535;0;0;0;0;0;0;0;0
43.17.504;250;2000;0;UserDefined.Braker_Signal;0;1;SDIO.DigitalInput12_EMO;0;0;0;0;0;0;0;0;0;0;0;0;;0;0;100;0;1;300;0;0;200;80;900;2000;;1000;1;0;200;225;0;35;153;QUAD;5;0;0;0;0;0;0;0;0;0;0;0;0;0;0;0;0;0;0;0;0;0;1;0;0;0;0;0;0;0;0;0;0;0;0;0;0;0;0;0;0;0;0;0;4;0;0;0;0;0;0;0;0;0;0;0;0;0;0;0;0;0;0;0;0;0;0;0;0;0;0;0;0;0;0;0;0;0;0;0;0;0;0;0;0;0;0;0;0;0;0;0;0;0;0;0;0;0;0;0;0;0;0;0;0;0;0;0;0;0;0;0;0;0;0;0;0;0;0;0;0;NotUsed;DCD_6.WheelAngle;DCD_5.DriveEncDist;NotUsed;DCD_5.DriveEncSpeed;120;105;-105;0;0;DCD_6.EnablePowerStage;DCD_6.SetAngle;DCD_5.EnablePowerStage;DCD_5.SetSpeed;SD;628;0;NotUsed;DCD_8.WheelAngle;DCD_7.DriveEncDist;NotUsed;DCD_7.DriveEncSpeed;120;105;-105;0;0;DCD_8.EnablePowerStage;DCD_8.SetAngle;DCD_7.EnablePowerStage;DCD_7.SetSpeed;SD;-628;0;2;0;0;0;0;1;reflector;500;1;0;0;0;No error;-1;1;0;0;0;0;0;0;0;0;1;0;0;0;0;0;0;0;0;0;0;0;0;0;0;0;0;0;0;0;0;0;0;0;0;1;0;0;3;1;1;0;3;0;WaitNewOrder;1;0;0;20;0;0;0;0;0;0;0;0;0;5;0;NormalState;0;1;7;0;70;0;90;8000;300;4;Finished;3;1149;1;1000;4;3;1;0;0;65535;0;0;0;0;0;0;0;0
43.18.504;250;2000;0;UserDefined.Braker_Signal;0;1;SDIO.DigitalInput12_EMO;0;0;0;0;0;0;0;0;0;0;0;0;;0;0;100;0;1;300;0;0;200;80;900;2000;;1000;1;0;200;225;0;35;153;QUAD;5;0;0;0;0;0;0;0;0;0;0;0;0;0;0;0;0;0;0;0;0;0;1;0;0;0;0;0;0;0;0;0;0;0;0;0;0;0;0;0;0;0;0;0;4;0;0;0;0;0;0;0;0;0;0;0;0;0;0;0;0;0;0;0;0;0;0;0;0;0;0;0;0;0;0;0;0;0;0;0;0;0;0;0;0;0;0;0;0;0;0;0;0;0;0;0;0;0;0;0;0;0;0;0;0;0;0;0;0;0;0;0;0;0;0;0;0;0;0;0;0;NotUsed;DCD_6.WheelAngle;DCD_5.DriveEncDist;NotUsed;DCD_5.DriveEncSpeed;120;105;-105;0;0;DCD_6.EnablePowerStage;DCD_6.SetAngle;DCD_5.EnablePowerStage;DCD_5.SetSpeed;SD;628;0;NotUsed;DCD_8.WheelAngle;DCD_7.DriveEncDist;NotUsed;DCD_7.DriveEncSpeed;120;105;-105;0;0;DCD_8.EnablePowerStage;DCD_8.SetAngle;DCD_7.EnablePowerStage;DCD_7.SetSpeed;SD;-628;0;-1;0;0;0;0;1;reflector;500;1;0;0;0;No error;-1;1;0;0;0;0;0;0;0;0;1;0;0;0;0;0;0;0;0;0;0;0;0;0;0;0;0;0;0;0;0;0;0;0;0;1;0;0;3;1;1;0;3;0;WaitNewOrder;1;0;0;20;0;0;0;0;0;0;0;0;0;5;0;NormalState;0;1;7;0;70;0;90;8000;300;4;Finished;3;1149;1;1000;4;3;1;0;0;65535;0;0;0;0;0;0;0;0
43.19.504;250;2000;0;UserDefined.Braker_Signal;0;1;SDIO.DigitalInput12_EMO;0;0;0;0;0;0;0;0;0;0;0;0;;0;0;100;0;1;300;0;0;200;80;900;2000;;1000;1;0;200;225;0;35;153;QUAD;5;0;0;0;0;0;0;0;0;0;0;0;0;0;0;0;0;0;0;0;0;0;1;0;0;0;0;0;0;0;0;0;0;0;0;0;0;0;0;0;0;0;0;0;4;0;0;0;0;0;0;0;0;0;0;0;0;0;0;0;0;0;0;0;0;0;0;0;0;0;0;0;0;0;0;0;0;0;0;0;0;0;0;0;0;0;0;0;0;0;0;0;0;0;0;0;0;0;0;0;0;0;0;0;0;0;0;0;0;0;0;0;0;0;0;0;0;0;0;0;0;NotUsed;DCD_6.WheelAngle;DCD_5.DriveEncDist;NotUsed;DCD_5.DriveEncSpeed;120;105;-105;0;0;DCD_6.EnablePowerStage;DCD_6.SetAngle;DCD_5.EnablePowerStage;DCD_5.SetSpeed;SD;628;0;NotUsed;DCD_8.WheelAngle;DCD_7.DriveEncDist;NotUsed;DCD_7.DriveEncSpeed;120;105;-105;0;0;DCD_8.EnablePowerStage;DCD_8.SetAngle;DCD_7.EnablePowerStage;DCD_7.SetSpeed;SD;-628;0;0;0;0;0;0;1;reflector;500;1;0;0;0;No error;-1;1;0;0;0;0;0;0;0;0;1;0;0;0;0;0;0;0;0;0;0;0;0;0;0;0;0;0;0;0;0;0;0;0;0;1;0;0;3;1;1;0;3;0;WaitNewOrder;1;0;0;20;0;0;0;0;0;0;0;0;0;5;0;NormalState;0;1;7;0;70;0;90;8000;300;4;Finished;3;1149;1;1000;4;3;1;0;0;65535;0;0;0;0;0;0;0;0
43.20.504;250;2000;0;UserDefined.Braker_Signal;0;1;SDIO.DigitalInput12_EMO;0;0;1;0;0;0;0;0;1;0;0;0;;-162;0;100;0;0;300;0;0;200;80;900;2000;;1000;1;0;200;225;0;35;153;QUAD;5;0;0;0;0;0;0;0;0;0;0;0;0;0;0;0;0;0;0;0;0;0;15;0;0;0;0;0;0;0;0;0;0;0;0;0;0;0;0;0;0;0;0;0;4;0;0;0;0;0;0;0;0;0;0;0;0;0;0;0;0;0;0;0;0;0;0;0;0;0;0;0;0;0;0;0;0;0;0;0;0;0;0;0;0;0;0;0;0;0;0;0;0;0;0;0;0;0;0;0;0;0;0;0;0;0;0;0;0;0;0;0;0;0;0;0;0;0;0;0;0;NotUsed;DCD_6.WheelAngle;DCD_5.DriveEncDist;NotUsed;DCD_5.DriveEncSpeed;120;105;-105;0;0;DCD_6.EnablePowerStage;DCD_6.SetAngle;DCD_5.EnablePowerStage;DCD_5.SetSpeed;SD;628;0;NotUsed;DCD_8.WheelAngle;DCD_7.DriveEncDist;NotUsed;DCD_7.DriveEncSpeed;120;105;-105;0;0;DCD_8.EnablePowerStage;DCD_8.SetAngle;DCD_7.EnablePowerStage;DCD_7.SetSpeed;SD;-628;0;1;1;0;0;0;1;reflector;500;1;0;0;0;No error;-1;1;0;0;0;0;0;0;0;0;1;0;0;0;0;0;0;0;0;0;0;0;0;0;0;0;0;0;0;0;0;0;0;0;0;1;17;1;3;1;1;0;3;1;WaitMoveMissionDone;1;0;0;20;0;0;0;0;0;0;0;0;0;5;0;NormalState;0;1;7;0;70;0;90;8000;300;4;Finished;3;6;1;1000;0;1146;15;0;0;65535;0;0;0;0;0;0;0;0
43.21.507;250;2000;0;UserDefined.Braker_Signal;0;1;SDIO.DigitalInput12_EMO;0;0;1;0;0;0;0;0;1;0;0;0;;-450;0;225;0;0;300;0;0;200;80;900;2000;;1000;1;0;200;225;0;35;153;QUAD;5;0;0;0;0;0;0;0;0;0;0;0;0;0;0;0;0;0;0;0;0;0;15;0;0;0;0;0;0;0;0;0;0;0;0;0;0;0;0;0;0;0;0;0;4;0;0;0;0;0;0;0;0;0;0;0;0;0;0;0;0;0;0;0;0;0;0;0;0;0;0;0;0;0;0;0;0;0;0;0;0;0;0;0;0;0;0;0;0;0;0;0;0;0;0;0;0;0;0;0;0;0;0;0;0;0;0;0;0;0;0;0;0;0;0;0;0;0;0;0;0;NotUsed;DCD_6.WheelAngle;DCD_5.DriveEncDist;NotUsed;DCD_5.DriveEncSpeed;120;105;-105;0;0;DCD_6.EnablePowerStage;DCD_6.SetAngle;DCD_5.EnablePowerStage;DCD_5.SetSpeed;SD;628;0;NotUsed;DCD_8.WheelAngle;DCD_7.DriveEncDist;NotUsed;DCD_7.DriveEncSpeed;120;105;-105;0;0;DCD_8.EnablePowerStage;DCD_8.SetAngle;DCD_7.EnablePowerStage;DCD_7.SetSpeed;SD;-628;0;-4;3;-1;0;0;1;reflector;500;1;0;0;0;No error;-1;1;0;0;0;0;0;0;0;0;1;0;0;0;0;0;0;0;0;0;0;0;0;0;0;0;0;0;0;0;0;0;0;0;0;1;17;1;3;1;1;0;3;1;WaitMoveMissionDone;1;0;0;20;0;0;0;0;0;0;0;0;0;5;0;NormalState;0;1;7;0;70;0;90;8000;300;4;Finished;3;226;1;1000;0;926;15;0;0;65535;0;0;0;0;0;0;0;0
43.22.507;250;2000;0;UserDefined.Braker_Signal;0;1;SDIO.DigitalInput12_EMO;0;0;1;0;0;0;0;0;1;0;0;0;;-738;0;369;0;0;300;0;0;200;80;900;2000;;1000;1;0;200;225;0;35;153;QUAD;5;0;0;0;0;0;0;0;0;0;0;0;0;0;0;0;0;0;0;0;0;0;15;0;0;0;0;0;0;0;0;0;0;0;0;0;0;0;0;0;0;0;0;0;4;0;0;0;0;0;0;0;0;0;0;0;0;0;0;0;0;0;0;0;0;0;0;0;0;0;0;0;0;0;0;0;0;0;0;0;0;0;0;0;0;0;0;0;0;0;0;0;0;0;0;0;0;0;0;0;0;0;0;0;0;0;0;0;0;0;0;0;0;0;0;0;0;0;0;0;0;NotUsed;DCD_6.WheelAngle;DCD_5.DriveEncDist;NotUsed;DCD_5.DriveEncSpeed;120;105;-105;0;0;DCD_6.EnablePowerStage;DCD_6.SetAngle;DCD_5.EnablePowerStage;DCD_5.SetSpeed;SD;628;0;NotUsed;DCD_8.WheelAngle;DCD_7.DriveEncDist;NotUsed;DCD_7.DriveEncSpeed;120;105;-105;0;0;DCD_8.EnablePowerStage;DCD_8.SetAngle;DCD_7.EnablePowerStage;DCD_7.SetSpeed;SD;-628;0;17;2;-3;0;0;1;reflector;500;1;0;0;0;No error;-1;1;0;0;0;0;0;0;0;0;1;0;0;0;0;0;0;0;0;0;0;0;0;0;0;0;0;0;0;0;0;0;0;0;0;1;17;1;3;1;1;0;3;1;WaitMoveMissionDone;1;0;0;20;0;0;0;0;0;0;0;0;0;5;0;NormalState;0;1;7;0;70;0;90;8000;300;4;Finished;3;801;1;1000;0;351;15;0;0;65535;0;0;0;0;0;0;0;0
43.23.516;250;2000;0;UserDefined.Braker_Signal;0;1;SDIO.DigitalInput12_EMO;0;0;1;0;0;0;0;0;1;0;0;0;;-886;0;443;0;0;300;0;0;200;80;900;2000;;1000;1;0;200;225;0;35;153;QUAD;5;0;0;0;0;0;0;0;0;0;0;0;0;0;0;0;0;0;0;0;0;0;18;0;0;0;0;0;0;0;0;0;0;0;0;0;0;0;0;0;0;0;0;0;4;0;0;0;0;0;0;0;0;0;0;0;0;0;0;0;0;0;0;0;0;0;0;0;0;0;0;0;0;0;0;0;0;0;0;0;0;0;0;0;0;0;0;0;0;0;0;0;0;0;0;0;0;0;0;0;0;0;0;0;0;0;0;0;0;0;0;0;0;0;0;0;0;0;0;0;0;NotUsed;DCD_6.WheelAngle;DCD_5.DriveEncDist;NotUsed;DCD_5.DriveEncSpeed;120;105;-105;0;0;DCD_6.EnablePowerStage;DCD_6.SetAngle;DCD_5.EnablePowerStage;DCD_5.SetSpeed;SD;628;0;NotUsed;DCD_8.WheelAngle;DCD_7.DriveEncDist;NotUsed;DCD_7.DriveEncSpeed;120;105;-105;0;0;DCD_8.EnablePowerStage;DCD_8.SetAngle;DCD_7.EnablePowerStage;DCD_7.SetSpeed;SD;-628;0;1;0;-10;0;0;1;reflector;500;1;0;0;0;No error;-1;1;0;0;0;0;0;0;0;0;1;0;0;0;0;0;0;0;0;0;0;0;0;0;0;0;0;0;0;0;0;0;0;0;0;1;17;1;3;1;1;0;3;1;WaitMoveMissionDone;1;0;0;20;0;0;0;0;0;0;0;0;0;5;0;NormalState;0;1;7;0;70;0;90;8000;300;4;Finished;3;464;1;1000;0;810;18;0;0;65535;0;0;0;0;0;0;0;0
43.24.500;250;2000;0;UserDefined.Braker_Signal;0;1;SDIO.DigitalInput12_EMO;0;0;1;0;0;0;0;0;1;0;0;0;;-80;0;100;0;0;300;0;0;200;80;900;2000;;1000;1;0;200;225;0;35;153;QUAD;5;0;0;0;0;0;0;0;0;0;0;0;0;0;0;0;0;0;0;0;0;0;18;0;0;0;0;0;0;0;0;0;0;0;0;0;0;0;0;0;0;0;0;0;4;0;0;0;0;0;0;0;0;0;0;0;0;0;0;0;0;0;0;0;0;0;0;0;0;0;0;0;0;0;0;0;0;0;0;0;0;0;0;0;0;0;0;0;0;0;0;0;0;0;0;0;0;0;0;0;0;0;0;0;0;0;0;0;0;0;0;0;0;0;0;0;0;0;0;0;0;NotUsed;DCD_6.WheelAngle;DCD_5.DriveEncDist;NotUsed;DCD_5.DriveEncSpeed;120;105;-105;0;0;DCD_6.EnablePowerStage;DCD_6.SetAngle;DCD_5.EnablePowerStage;DCD_5.SetSpeed;SD;628;0;NotUsed;DCD_8.WheelAngle;DCD_7.DriveEncDist;NotUsed;DCD_7.DriveEncSpeed;120;105;-105;0;0;DCD_8.EnablePowerStage;DCD_8.SetAngle;DCD_7.EnablePowerStage;DCD_7.SetSpeed;SD;-628;0;32;-18;-17;0;0;1;reflector;500;1;0;0;0;No error;-1;1;0;0;0;0;0;0;0;0;1;0;0;0;0;0;0;0;0;0;0;0;0;0;0;0;0;0;0;0;0;0;0;0;0;1;17;1;3;1;1;0;3;1;WaitMoveMissionDone;1;0;0;20;0;0;0;0;0;0;0;0;0;5;0;NormalState;0;1;7;0;70;0;90;8000;300;4;Finished;3;1232;1;1000;0;42;18;0;0;65535;0;0;0;0;0;0;0;0
43.25.500;250;2000;0;UserDefined.Braker_Signal;0;1;SDIO.DigitalInput12_EMO;0;0;1;0;0;0;0;0;1;0;0;0;;0;0;100;0;0;300;0;0;200;80;900;2000;;1000;1;0;200;225;0;35;153;QUAD;5;0;0;0;0;0;0;0;0;0;0;0;0;0;0;0;0;0;0;0;0;0;18;0;0;0;0;0;0;0;0;0;0;0;0;0;0;0;0;0;0;0;0;0;4;0;0;0;0;0;0;0;0;0;0;0;0;0;0;0;0;0;0;0;0;0;0;0;0;0;0;0;0;0;0;0;0;0;0;0;0;0;0;0;0;0;0;0;0;0;0;0;0;0;0;0;0;0;0;0;0;0;0;0;0;0;0;0;0;0;0;0;0;0;0;0;0;0;0;0;0;NotUsed;DCD_6.WheelAngle;DCD_5.DriveEncDist;NotUsed;DCD_5.DriveEncSpeed;120;105;-105;0;0;DCD_6.EnablePowerStage;DCD_6.SetAngle;DCD_5.EnablePowerStage;DCD_5.SetSpeed;SD;628;0;NotUsed;DCD_8.WheelAngle;DCD_7.DriveEncDist;NotUsed;DCD_7.DriveEncSpeed;120;105;-105;0;0;DCD_8.EnablePowerStage;DCD_8.SetAngle;DCD_7.EnablePowerStage;DCD_7.SetSpeed;SD;-628;0;25;-2;-15;0;0;1;reflector;500;1;0;0;0;No error;-1;1;0;0;0;0;0;0;0;0;1;0;0;0;0;0;0;0;0;0;0;0;0;0;0;0;0;0;0;0;0;0;0;0;0;1;17;1;3;1;1;0;3;1;WaitMoveMissionDone;1;0;0;20;0;0;0;0;0;0;0;0;0;5;0;NormalState;0;1;7;0;70;0;90;8000;300;4;Finished;3;1196;1;1000;0;78;18;0;0;65535;0;0;0;0;0;0;0;0
43.26.500;250;2000;0;UserDefined.Braker_Signal;0;1;SDIO.DigitalInput12_EMO;0;0;1;0;0;0;0;0;1;0;0;0;;-80;0;100;0;0;300;0;0;200;80;900;2000;;1000;1;0;200;225;0;35;153;QUAD;5;0;0;0;0;0;0;0;0;0;0;0;0;0;0;0;0;0;0;0;0;0;18;0;0;0;0;0;0;0;0;0;0;0;0;0;0;0;0;0;0;0;0;0;4;0;0;0;0;0;0;0;0;0;0;0;0;0;0;0;0;0;0;0;0;0;0;0;0;0;0;0;0;0;0;0;0;0;0;0;0;0;0;0;0;0;0;0;0;0;0;0;0;0;0;0;0;0;0;0;0;0;0;0;0;0;0;0;0;0;0;0;0;0;0;0;0;0;0;0;0;NotUsed;DCD_6.WheelAngle;DCD_5.DriveEncDist;NotUsed;DCD_5.DriveEncSpeed;120;105;-105;0;0;DCD_6.EnablePowerStage;DCD_6.SetAngle;DCD_5.EnablePowerStage;DCD_5.SetSpeed;SD;628;0;NotUsed;DCD_8.WheelAngle;DCD_7.DriveEncDist;NotUsed;DCD_7.DriveEncSpeed;120;105;-105;0;0;DCD_8.EnablePowerStage;DCD_8.SetAngle;DCD_7.EnablePowerStage;DCD_7.SetSpeed;SD;-628;0;19;-3;-15;0;0;1;reflector;500;1;0;0;0;No error;-1;1;0;0;0;0;0;0;0;0;1;0;0;0;0;0;0;0;0;0;0;0;0;0;0;0;0;0;0;0;0;0;0;0;0;1;17;1;3;1;1;0;3;1;WaitMoveMissionDone;1;0;0;20;0;0;0;0;0;0;0;0;0;5;0;NormalState;0;1;7;0;70;0;90;8000;300;4;Finished;3;1196;1;1000;0;78;18;0;0;65535;0;0;0;0;0;0;0;0
43.27.500;250;2000;0;UserDefined.Braker_Signal;0;1;SDIO.DigitalInput12_EMO;0;0;1;0;0;0;0;0;1;0;0;0;;0;0;100;0;0;300;0;0;200;80;900;2000;;1000;1;0;200;225;0;35;153;QUAD;5;0;0;0;0;0;0;0;0;0;0;0;0;0;0;0;0;0;0;0;0;0;18;0;0;0;0;0;0;0;0;0;0;0;0;0;0;0;0;0;0;0;0;0;4;0;0;0;0;0;0;0;0;0;0;0;0;0;0;0;0;0;0;0;0;0;0;0;0;0;0;0;0;0;0;0;0;0;0;0;0;0;0;0;0;0;0;0;0;0;0;0;0;0;0;0;0;0;0;0;0;0;0;0;0;0;0;0;0;0;0;0;0;0;0;0;0;0;0;0;0;NotUsed;DCD_6.WheelAngle;DCD_5.DriveEncDist;NotUsed;DCD_5.DriveEncSpeed;120;105;-105;0;0;DCD_6.EnablePowerStage;DCD_6.SetAngle;DCD_5.EnablePowerStage;DCD_5.SetSpeed;SD;628;0;NotUsed;DCD_8.WheelAngle;DCD_7.DriveEncDist;NotUsed;DCD_7.DriveEncSpeed;120;105;-105;0;0;DCD_8.EnablePowerStage;DCD_8.SetAngle;DCD_7.EnablePowerStage;DCD_7.SetSpeed;SD;-628;0;20;-3;-13;0;0;1;reflector;500;1;0;0;0;No error;-1;1;0;0;0;0;0;0;0;0;1;0;0;0;0;0;0;0;0;0;0;0;0;0;0;0;0;0;0;0;0;0;0;0;0;1;17;1;3;1;1;0;3;1;WaitMoveMissionDone;1;0;0;20;0;0;0;0;0;0;0;0;0;5;0;NormalState;0;1;7;0;70;0;90;8000;300;4;Finished;3;1270;1;1000;0;4;18;0;0;65535;0;0;0;0;0;0;0;0
43.28.562;250;2000;0;UserDefined.Braker_Signal;0;1;SDIO.DigitalInput12_EMO;0;0;1;0;0;0;0;0;1;0;0;0;;180;0;100;0;1;300;0;0;200;80;900;2000;;1000;1;0;200;225;0;35;153;QUAD;5;0;0;0;0;0;0;0;0;0;0;0;0;0;0;0;0;0;0;0;0;0;19;0;0;0;0;0;0;0;0;0;0;0;0;0;0;0;0;0;0;0;0;0;4;0;0;0;0;0;0;0;0;0;0;0;0;0;0;0;0;0;0;0;0;0;0;0;0;0;0;0;0;0;0;0;0;0;0;0;0;0;0;0;0;0;0;0;0;0;0;0;0;0;0;0;0;0;0;0;0;0;0;0;0;0;0;0;0;0;0;0;0;0;0;0;0;0;0;0;0;NotUsed;DCD_6.WheelAngle;DCD_5.DriveEncDist;NotUsed;DCD_5.DriveEncSpeed;120;105;-105;0;0;DCD_6.EnablePowerStage;DCD_6.SetAngle;DCD_5.EnablePowerStage;DCD_5.SetSpeed;SD;628;0;NotUsed;DCD_8.WheelAngle;DCD_7.DriveEncDist;NotUsed;DCD_7.DriveEncSpeed;120;105;-105;0;0;DCD_8.EnablePowerStage;DCD_8.SetAngle;DCD_7.EnablePowerStage;DCD_7.SetSpeed;SD;-628;0;17;-3;-10;0;0;1;reflector;500;1;0;0;0;No error;-1;1;0;0;0;0;0;0;0;0;1;0;0;0;0;0;0;0;0;0;1;0;0;0;1;0;0;0;0;0;0;0;0;0;0;1;17;1;3;1;1;0;3;1;WaitMoveMissionDone;1;0;0;20;0;0;0;0;0;0;0;0;0;5;0;NormalState;0;1;7;0;70;0;90;8000;300;4;Finished;3;4;1;300;0;4883;19;0;0;65535;0;0;0;0;0;0;0;0
43.29.515;250;2000;0;UserDefined.Braker_Signal;0;1;SDIO.DigitalInput12_EMO;0;0;1;0;0;0;0;0;1;0;0;0;;300;0;150;0;1;300;0;0;200;80;900;2000;;1000;1;0;200;225;0;35;153;QUAD;5;0;0;0;0;0;0;0;0;0;0;0;0;0;0;0;0;0;0;0;0;0;19;0;0;0;0;0;0;0;0;0;0;0;0;0;0;0;0;0;0;0;0;0;4;0;0;0;0;0;0;0;0;0;0;0;0;0;0;0;0;0;0;0;0;0;0;0;0;0;0;0;0;0;0;0;0;0;0;0;0;0;0;0;0;0;0;0;0;0;0;0;0;0;0;0;0;0;0;0;0;0;0;0;0;0;0;0;0;0;0;0;0;0;0;0;0;0;0;0;0;NotUsed;DCD_6.WheelAngle;DCD_5.DriveEncDist;NotUsed;DCD_5.DriveEncSpeed;120;105;-105;0;0;DCD_6.EnablePowerStage;DCD_6.SetAngle;DCD_5.EnablePowerStage;DCD_5.SetSpeed;SD;628;0;NotUsed;DCD_8.WheelAngle;DCD_7.DriveEncDist;NotUsed;DCD_7.DriveEncSpeed;120;105;-105;0;0;DCD_8.EnablePowerStage;DCD_8.SetAngle;DCD_7.EnablePowerStage;DCD_7.SetSpeed;SD;-628;0;9;-1;-9;0;0;1;reflector;500;1;0;0;0;No error;-1;1;0;0;0;0;0;0;0;0;1;0;0;0;0;0;0;0;0;0;1;0;0;0;1;0;0;0;0;0;0;0;0;0;0;1;17;1;3;1;1;0;3;1;WaitMoveMissionDone;1;0;0;20;0;0;0;0;0;0;0;0;0;5;0;NormalState;0;1;7;0;70;0;90;8000;300;4;Finished;3;251;1;300;0;4636;19;0;0;65535;0;0;0;0;0;0;0;0
43.30.500;250;2000;0;UserDefined.Braker_Signal;0;1;SDIO.DigitalInput12_EMO;0;0;1;0;0;0;0;0;1;0;0;0;;300;0;150;0;1;300;0;0;200;80;900;2000;;1000;1;0;200;225;0;35;153;QUAD;5;0;0;0;0;0;0;0;0;0;0;0;0;0;0;0;0;0;0;0;0;0;19;0;0;0;0;0;0;0;0;0;0;0;0;0;0;0;0;0;0;0;0;0;4;0;0;0;0;0;0;0;0;0;0;0;0;0;0;0;0;0;0;0;0;0;0;0;0;0;0;0;0;0;0;0;0;0;0;0;0;0;0;0;0;0;0;0;0;0;0;0;0;0;0;0;0;0;0;0;0;0;0;0;0;0;0;0;0;0;0;0;0;0;0;0;0;0;0;0;0;NotUsed;DCD_6.WheelAngle;DCD_5.DriveEncDist;NotUsed;DCD_5.DriveEncSpeed;120;105;-105;0;0;DCD_6.EnablePowerStage;DCD_6.SetAngle;DCD_5.EnablePowerStage;DCD_5.SetSpeed;SD;628;0;NotUsed;DCD_8.WheelAngle;DCD_7.DriveEncDist;NotUsed;DCD_7.DriveEncSpeed;120;105;-105;0;0;DCD_8.EnablePowerStage;DCD_8.SetAngle;DCD_7.EnablePowerStage;DCD_7.SetSpeed;SD;-628;0;-6;0;-2;0;0;1;reflector;500;1;0;0;0;No error;-1;1;0;0;0;0;0;0;0;0;1;0;0;0;0;0;0;0;0;0;1;0;0;0;1;0;0;0;0;0;0;0;0;0;0;1;17;1;3;1;1;0;3;1;WaitMoveMissionDone;1;0;0;20;0;0;0;0;0;0;0;0;0;5;0;NormalState;0;1;7;0;70;0;90;8000;300;4;Finished;3;587;1;300;0;4300;19;0;0;65535;0;0;0;0;0;0;0;0
43.31.500;250;2000;0;UserDefined.Braker_Signal;0;1;SDIO.DigitalInput12_EMO;0;0;1;0;0;0;0;0;1;0;0;0;;300;0;150;0;1;300;0;0;200;80;900;2000;;1000;1;0;200;225;0;35;153;QUAD;5;0;0;0;0;0;0;0;0;0;0;0;0;0;0;0;0;0;0;0;0;0;19;0;0;0;0;0;0;0;0;0;0;0;0;0;0;0;0;0;0;0;0;0;4;0;0;0;0;0;0;0;0;0;0;0;0;0;0;0;0;0;0;0;0;0;0;0;0;0;0;0;0;0;0;0;0;0;0;0;0;0;0;0;0;0;0;0;0;0;0;0;0;0;0;0;0;0;0;0;0;0;0;0;0;0;0;0;0;0;0;0;0;0;0;0;0;0;0;0;0;NotUsed;DCD_6.WheelAngle;DCD_5.DriveEncDist;NotUsed;DCD_5.DriveEncSpeed;120;105;-105;0;0;DCD_6.EnablePowerStage;DCD_6.SetAngle;DCD_5.EnablePowerStage;DCD_5.SetSpeed;SD;628;0;NotUsed;DCD_8.WheelAngle;DCD_7.DriveEncDist;NotUsed;DCD_7.DriveEncSpeed;120;105;-105;0;0;DCD_8.EnablePowerStage;DCD_8.SetAngle;DCD_7.EnablePowerStage;DCD_7.SetSpeed;SD;-628;0;-1;3;3;0;0;1;reflector;500;1;0;0;0;No error;-1;1;0;0;0;0;0;0;0;0;1;0;0;0;0;0;0;0;0;0;1;0;0;0;1;0;0;0;0;0;0;0;0;0;0;1;17;1;3;1;1;0;3;1;WaitMoveMissionDone;1;0;0;20;0;0;0;0;0;0;0;0;0;5;0;NormalState;0;1;7;0;70;0;90;8000;300;4;Finished;3;869;1;300;0;4018;19;0;0;65535;0;0;0;0;0;0;0;0
43.32.500;250;2000;0;UserDefined.Braker_Signal;0;1;SDIO.DigitalInput12_EMO;0;0;1;0;0;0;0;0;1;0;0;0;;300;0;150;0;1;300;0;0;200;80;900;2000;;1000;1;0;200;225;0;35;153;QUAD;5;0;0;0;0;0;0;0;0;0;0;0;0;0;0;0;0;0;0;0;0;0;19;0;0;0;0;0;0;0;0;0;0;0;0;0;0;0;0;0;0;0;0;0;4;0;0;0;0;0;0;0;0;0;0;0;0;0;0;0;0;0;0;0;0;0;0;0;0;0;0;0;0;0;0;0;0;0;0;0;0;0;0;0;0;0;0;0;0;0;0;0;0;0;0;0;0;0;0;0;0;0;0;0;0;0;0;0;0;0;0;0;0;0;0;0;0;0;0;0;0;NotUsed;DCD_6.WheelAngle;DCD_5.DriveEncDist;NotUsed;DCD_5.DriveEncSpeed;120;105;-105;0;0;DCD_6.EnablePowerStage;DCD_6.SetAngle;DCD_5.EnablePowerStage;DCD_5.SetSpeed;SD;628;0;NotUsed;DCD_8.WheelAngle;DCD_7.DriveEncDist;NotUsed;DCD_7.DriveEncSpeed;120;105;-105;0;0;DCD_8.EnablePowerStage;DCD_8.SetAngle;DCD_7.EnablePowerStage;DCD_7.SetSpeed;SD;-628;0;1;2;10;0;0;1;reflector;500;1;0;0;0;No error;-1;1;0;0;0;0;0;0;0;0;1;0;0;0;0;0;0;0;0;0;1;0;0;0;1;0;0;0;0;0;0;0;0;0;0;1;17;1;3;1;1;0;3;1;WaitMoveMissionDone;1;0;0;20;0;0;0;0;0;0;0;0;0;5;0;NormalState;0;1;7;0;70;0;90;8000;300;4;Finished;3;1169;1;300;0;3718;19;0;0;65535;0;0;0;0;0;0;0;0
43.33.500;250;2000;0;UserDefined.Braker_Signal;0;1;SDIO.DigitalInput12_EMO;0;0;1;0;0;0;0;0;1;0;0;0;;300;0;150;0;1;300;0;0;200;80;900;2000;;1000;1;0;200;225;0;35;153;QUAD;5;0;0;0;0;0;0;0;0;0;0;0;0;0;0;0;0;0;0;0;0;0;19;0;0;0;0;0;0;0;0;0;0;0;0;0;0;0;0;0;0;0;0;0;4;0;0;0;0;0;0;0;0;0;0;0;0;0;0;0;0;0;0;0;0;0;0;0;0;0;0;0;0;0;0;0;0;0;0;0;0;0;0;0;0;0;0;0;0;0;0;0;0;0;0;0;0;0;0;0;0;0;0;0;0;0;0;0;0;0;0;0;0;0;0;0;0;0;0;0;0;NotUsed;DCD_6.WheelAngle;DCD_5.DriveEncDist;NotUsed;DCD_5.DriveEncSpeed;120;105;-105;0;0;DCD_6.EnablePowerStage;DCD_6.SetAngle;DCD_5.EnablePowerStage;DCD_5.SetSpeed;SD;628;0;NotUsed;DCD_8.WheelAngle;DCD_7.DriveEncDist;NotUsed;DCD_7.DriveEncSpeed;120;105;-105;0;0;DCD_8.EnablePowerStage;DCD_8.SetAngle;DCD_7.EnablePowerStage;DCD_7.SetSpeed;SD;-628;0;3;0;3;0;0;1;reflector;500;1;0;0;0;No error;-1;1;0;0;0;0;0;0;0;0;1;0;0;0;0;0;0;0;0;0;1;0;0;0;1;0;0;0;0;0;0;0;0;0;0;1;17;1;3;1;1;0;3;1;WaitMoveMissionDone;1;0;0;20;0;0;0;0;0;0;0;0;0;5;0;NormalState;0;1;7;0;70;0;90;8000;300;4;Finished;3;1481;1;300;0;3406;19;0;0;65535;0;0;0;0;0;0;0;0
43.34.500;250;2000;0;UserDefined.Braker_Signal;0;1;SDIO.DigitalInput12_EMO;0;0;1;0;0;0;0;0;1;0;0;0;;300;0;150;0;1;300;0;0;200;80;900;2000;;1000;1;0;200;225;0;35;153;QUAD;5;0;0;0;0;0;0;0;0;0;0;0;0;0;0;0;0;0;0;0;0;0;19;0;0;0;0;0;0;0;0;0;0;0;0;0;0;0;0;0;0;0;0;0;4;0;0;0;0;0;0;0;0;0;0;0;0;0;0;0;0;0;0;0;0;0;0;0;0;0;0;0;0;0;0;0;0;0;0;0;0;0;0;0;0;0;0;0;0;0;0;0;0;0;0;0;0;0;0;0;0;0;0;0;0;0;0;0;0;0;0;0;0;0;0;0;0;0;0;0;0;NotUsed;DCD_6.WheelAngle;DCD_5.DriveEncDist;NotUsed;DCD_5.DriveEncSpeed;120;105;-105;0;0;DCD_6.EnablePowerStage;DCD_6.SetAngle;DCD_5.EnablePowerStage;DCD_5.SetSpeed;SD;628;0;NotUsed;DCD_8.WheelAngle;DCD_7.DriveEncDist;NotUsed;DCD_7.DriveEncSpeed;120;105;-105;0;0;DCD_8.EnablePowerStage;DCD_8.SetAngle;DCD_7.EnablePowerStage;DCD_7.SetSpeed;SD;-628;0;-3;-6;4;0;0;1;reflector;500;1;0;0;0;No error;-1;1;0;0;0;0;0;0;0;0;1;0;0;0;0;0;0;0;0;0;1;0;0;0;1;0;0;0;0;0;0;0;0;0;0;1;17;1;3;1;1;0;3;1;WaitMoveMissionDone;1;0;0;20;0;0;0;0;0;0;0;0;0;5;0;NormalState;0;1;7;0;70;0;90;8000;300;4;Finished;3;1760;1;300;0;3127;19;0;0;65535;0;0;0;0;0;0;0;0
43.35.500;250;2000;0;UserDefined.Braker_Signal;0;1;SDIO.DigitalInput12_EMO;0;0;1;0;0;0;0;0;1;0;0;0;;300;0;150;0;1;300;0;0;200;80;900;2000;;1000;1;0;200;225;0;35;153;QUAD;5;0;0;0;0;0;0;0;0;0;0;0;0;0;0;0;0;0;0;0;0;0;19;0;0;0;0;0;0;0;0;0;0;0;0;0;0;0;0;0;0;0;0;0;4;0;0;0;0;0;0;0;0;0;0;0;0;0;0;0;0;0;0;0;0;0;0;0;0;0;0;0;0;0;0;0;0;0;0;0;0;0;0;0;0;0;0;0;0;0;0;0;0;0;0;0;0;0;0;0;0;0;0;0;0;0;0;0;0;0;0;0;0;0;0;0;0;0;0;0;0;NotUsed;DCD_6.WheelAngle;DCD_5.DriveEncDist;NotUsed;DCD_5.DriveEncSpeed;120;105;-105;0;0;DCD_6.EnablePowerStage;DCD_6.SetAngle;DCD_5.EnablePowerStage;DCD_5.SetSpeed;SD;628;0;NotUsed;DCD_8.WheelAngle;DCD_7.DriveEncDist;NotUsed;DCD_7.DriveEncSpeed;120;105;-105;0;0;DCD_8.EnablePowerStage;DCD_8.SetAngle;DCD_7.EnablePowerStage;DCD_7.SetSpeed;SD;-628;0;10;7;3;0;0;1;reflector;500;1;0;0;0;No error;-1;1;0;0;0;0;0;0;0;0;1;0;0;0;0;0;0;0;0;0;1;0;0;0;1;0;0;0;0;0;0;0;0;0;0;1;17;1;3;1;1;0;3;1;WaitMoveMissionDone;1;0;0;20;0;0;0;0;0;0;0;0;0;5;0;NormalState;0;1;7;0;70;0;90;8000;300;4;Finished;3;2078;1;300;0;2809;19;0;0;65535;0;0;0;0;0;0;0;0
43.36.500;250;2000;0;UserDefined.Braker_Signal;0;1;SDIO.DigitalInput12_EMO;0;0;1;0;0;0;0;0;1;0;0;0;;300;0;150;0;1;300;0;0;200;80;900;2000;;1000;1;0;200;225;0;35;153;QUAD;5;0;0;0;0;0;0;0;0;0;0;0;0;0;0;0;0;0;0;0;0;0;19;0;0;0;0;0;0;0;0;0;0;0;0;0;0;0;0;0;0;0;0;0;4;0;0;0;0;0;0;0;0;0;0;0;0;0;0;0;0;0;0;0;0;0;0;0;0;0;0;0;0;0;0;0;0;0;0;0;0;0;0;0;0;0;0;0;0;0;0;0;0;0;0;0;0;0;0;0;0;0;0;0;0;0;0;0;0;0;0;0;0;0;0;0;0;0;0;0;0;NotUsed;DCD_6.WheelAngle;DCD_5.DriveEncDist;NotUsed;DCD_5.DriveEncSpeed;120;105;-105;0;0;DCD_6.EnablePowerStage;DCD_6.SetAngle;DCD_5.EnablePowerStage;DCD_5.SetSpeed;SD;628;0;NotUsed;DCD_8.WheelAngle;DCD_7.DriveEncDist;NotUsed;DCD_7.DriveEncSpeed;120;105;-105;0;0;DCD_8.EnablePowerStage;DCD_8.SetAngle;DCD_7.EnablePowerStage;DCD_7.SetSpeed;SD;-628;0;8;11;-6;0;0;1;reflector;500;1;0;0;0;No error;-1;1;0;0;0;0;0;0;0;0;1;0;0;0;0;0;0;0;0;0;1;0;0;0;1;0;0;0;0;0;0;0;0;0;0;1;17;1;3;1;1;0;3;1;WaitMoveMissionDone;1;0;0;20;0;0;0;0;0;0;0;0;0;5;0;NormalState;0;1;7;0;70;0;90;8000;300;4;Finished;3;2393;1;300;0;2494;19;0;0;65535;0;0;0;0;0;0;0;0
43.37.499;250;2000;0;UserDefined.Braker_Signal;0;1;SDIO.DigitalInput12_EMO;0;0;1;0;0;0;0;0;1;0;0;0;;300;0;150;0;1;300;0;0;200;80;900;2000;;1000;1;0;200;225;0;35;153;QUAD;5;0;0;0;0;0;0;0;0;0;0;0;0;0;0;0;0;0;0;0;0;0;19;0;0;0;0;0;0;0;0;0;0;0;0;0;0;0;0;0;0;0;0;0;4;0;0;0;0;0;0;0;0;0;0;0;0;0;0;0;0;0;0;0;0;0;0;0;0;0;0;0;0;0;0;0;0;0;0;0;0;0;0;0;0;0;0;0;0;0;0;0;0;0;0;0;0;0;0;0;0;0;0;0;0;0;0;0;0;0;0;0;0;0;0;0;0;0;0;0;0;NotUsed;DCD_6.WheelAngle;DCD_5.DriveEncDist;NotUsed;DCD_5.DriveEncSpeed;120;105;-105;0;0;DCD_6.EnablePowerStage;DCD_6.SetAngle;DCD_5.EnablePowerStage;DCD_5.SetSpeed;SD;628;0;NotUsed;DCD_8.WheelAngle;DCD_7.DriveEncDist;NotUsed;DCD_7.DriveEncSpeed;120;105;-105;0;0;DCD_8.EnablePowerStage;DCD_8.SetAngle;DCD_7.EnablePowerStage;DCD_7.SetSpeed;SD;-628;0;12;9;-10;0;0;1;reflector;500;1;0;0;0;No error;-1;1;0;0;0;0;0;0;0;0;1;0;0;0;0;0;0;0;0;0;1;0;0;0;1;0;0;0;0;0;0;0;0;0;0;1;17;1;3;1;1;0;3;1;WaitMoveMissionDone;1;0;0;20;0;0;0;0;0;0;0;0;0;5;0;NormalState;0;1;7;0;70;0;90;8000;300;4;Finished;3;2685;1;300;0;2202;19;0;0;65535;0;0;0;0;0;0;0;0
43.38.499;250;2000;0;UserDefined.Braker_Signal;0;1;SDIO.DigitalInput12_EMO;0;0;1;0;0;0;0;0;1;0;0;0;;300;0;150;0;1;300;0;0;200;80;900;2000;;1000;1;0;200;225;0;35;153;QUAD;5;0;0;0;0;0;0;0;0;0;0;0;0;0;0;0;0;0;0;0;0;0;19;0;0;0;0;0;0;0;0;0;0;0;0;0;0;0;0;0;0;0;0;0;4;0;0;0;0;0;0;0;0;0;0;0;0;0;0;0;0;0;0;0;0;0;0;0;0;0;0;0;0;0;0;0;0;0;0;0;0;0;0;0;0;0;0;0;0;0;0;0;0;0;0;0;0;0;0;0;0;0;0;0;0;0;0;0;0;0;0;0;0;0;0;0;0;0;0;0;0;NotUsed;DCD_6.WheelAngle;DCD_5.DriveEncDist;NotUsed;DCD_5.DriveEncSpeed;120;105;-105;0;0;DCD_6.EnablePowerStage;DCD_6.SetAngle;DCD_5.EnablePowerStage;DCD_5.SetSpeed;SD;628;0;NotUsed;DCD_8.WheelAngle;DCD_7.DriveEncDist;NotUsed;DCD_7.DriveEncSpeed;120;105;-105;0;0;DCD_8.EnablePowerStage;DCD_8.SetAngle;DCD_7.EnablePowerStage;DCD_7.SetSpeed;SD;-628;0;20;5;-18;0;0;1;reflector;500;1;0;0;0;No error;-1;1;0;0;0;0;0;0;0;0;1;0;0;0;0;0;0;0;0;0;1;0;0;0;1;0;0;0;0;0;0;0;0;0;0;1;17;1;3;1;1;0;3;1;WaitMoveMissionDone;1;0;0;20;0;0;0;0;0;0;0;0;0;5;0;NormalState;0;1;7;0;70;0;90;8000;300;4;Finished;3;2993;1;300;0;1894;19;0;0;65535;0;0;0;0;0;0;0;0
43.39.499;250;2000;0;UserDefined.Braker_Signal;0;1;SDIO.DigitalInput12_EMO;0;0;1;0;0;0;0;0;1;0;0;0;;300;0;150;0;1;300;0;0;200;80;900;2000;;1000;1;0;200;225;0;35;153;QUAD;5;0;0;0;0;0;0;0;0;0;0;0;0;0;0;0;0;0;0;0;0;0;19;0;0;0;0;0;0;0;0;0;0;0;0;0;0;0;0;0;0;0;0;0;4;0;0;0;0;0;0;0;0;0;0;0;0;0;0;0;0;0;0;0;0;0;0;0;0;0;0;0;0;0;0;0;0;0;0;0;0;0;0;0;0;0;0;0;0;0;0;0;0;0;0;0;0;0;0;0;0;0;0;0;0;0;0;0;0;0;0;0;0;0;0;0;0;0;0;0;0;NotUsed;DCD_6.WheelAngle;DCD_5.DriveEncDist;NotUsed;DCD_5.DriveEncSpeed;120;105;-105;0;0;DCD_6.EnablePowerStage;DCD_6.SetAngle;DCD_5.EnablePowerStage;DCD_5.SetSpeed;SD;628;0;NotUsed;DCD_8.WheelAngle;DCD_7.DriveEncDist;NotUsed;DCD_7.DriveEncSpeed;120;105;-105;0;0;DCD_8.EnablePowerStage;DCD_8.SetAngle;DCD_7.EnablePowerStage;DCD_7.SetSpeed;SD;-628;0;23;-5;-19;0;0;1;reflector;500;1;0;0;0;No error;-1;1;0;0;0;0;0;0;0;0;1;0;0;0;0;0;0;0;0;0;1;0;0;0;1;0;0;0;0;0;0;0;0;0;0;1;17;1;3;1;1;0;3;1;WaitMoveMissionDone;1;0;0;20;0;0;0;0;0;0;0;0;0;5;0;NormalState;0;1;7;0;70;0;90;8000;300;4;Finished;3;3292;1;300;0;1595;19;0;0;65535;0;0;0;0;0;0;0;0
43.40.499;250;2000;0;UserDefined.Braker_Signal;0;1;SDIO.DigitalInput12_EMO;0;0;1;0;0;0;0;0;1;0;0;0;;300;0;150;0;1;300;0;0;200;80;900;2000;;1000;1;0;200;225;0;35;153;QUAD;5;0;0;0;0;0;0;0;0;0;0;0;0;0;0;0;0;0;0;0;0;0;19;0;0;0;0;0;0;0;0;0;0;0;0;0;0;0;0;0;0;0;0;0;4;0;0;0;0;0;0;0;0;0;0;0;0;0;0;0;0;0;0;0;0;0;0;0;0;0;0;0;0;0;0;0;0;0;0;0;0;0;0;0;0;0;0;0;0;0;0;0;0;0;0;0;0;0;0;0;0;0;0;0;0;0;0;0;0;0;0;0;0;0;0;0;0;0;0;0;0;NotUsed;DCD_6.WheelAngle;DCD_5.DriveEncDist;NotUsed;DCD_5.DriveEncSpeed;120;105;-105;0;0;DCD_6.EnablePowerStage;DCD_6.SetAngle;DCD_5.EnablePowerStage;DCD_5.SetSpeed;SD;628;0;NotUsed;DCD_8.WheelAngle;DCD_7.DriveEncDist;NotUsed;DCD_7.DriveEncSpeed;120;105;-105;0;0;DCD_8.EnablePowerStage;DCD_8.SetAngle;DCD_7.EnablePowerStage;DCD_7.SetSpeed;SD;-628;0;31;-6;-16;0;0;1;reflector;500;1;0;0;0;No error;-1;1;0;0;0;0;0;0;0;0;1;0;0;0;0;0;0;0;0;0;1;0;0;0;1;0;0;0;0;0;0;0;0;0;0;1;17;1;3;1;1;0;3;1;WaitMoveMissionDone;1;0;0;20;0;0;0;0;0;0;0;0;0;5;0;NormalState;0;1;7;0;70;0;90;8000;300;4;Finished;3;3579;1;300;0;1309;19;0;0;65535;0;0;0;0;0;0;0;0
43.41.546;250;2000;0;UserDefined.Braker_Signal;0;1;SDIO.DigitalInput12_EMO;0;0;1;0;0;0;0;0;1;0;0;0;;300;0;150;0;1;300;0;0;200;80;900;2000;;1000;1;0;200;225;0;35;153;QUAD;5;0;0;0;0;0;0;0;0;0;0;0;0;0;0;0;0;0;0;0;0;0;19;0;0;0;0;0;0;0;0;0;0;0;0;0;0;0;0;0;0;0;0;0;4;0;0;0;0;0;0;0;0;0;0;0;0;0;0;0;0;0;0;0;0;0;0;0;0;0;0;0;0;0;0;0;0;0;0;0;0;0;0;0;0;0;0;0;0;0;0;0;0;0;0;0;0;0;0;0;0;0;0;0;0;0;0;0;0;0;0;0;0;0;0;0;0;0;0;0;0;NotUsed;DCD_6.WheelAngle;DCD_5.DriveEncDist;NotUsed;DCD_5.DriveEncSpeed;120;105;-105;0;0;DCD_6.EnablePowerStage;DCD_6.SetAngle;DCD_5.EnablePowerStage;DCD_5.SetSpeed;SD;628;0;NotUsed;DCD_8.WheelAngle;DCD_7.DriveEncDist;NotUsed;DCD_7.DriveEncSpeed;120;105;-105;0;0;DCD_8.EnablePowerStage;DCD_8.SetAngle;DCD_7.EnablePowerStage;DCD_7.SetSpeed;SD;-628;0;47;4;-14;0;0;1;reflector;500;1;0;0;0;No error;-1;1;0;0;0;0;0;0;0;0;1;0;0;0;0;0;0;0;0;0;1;0;0;0;1;0;0;0;0;0;0;0;0;0;0;1;17;1;3;1;1;0;3;1;WaitMoveMissionDone;1;0;0;20;0;0;0;0;0;0;0;0;0;5;0;NormalState;0;1;7;0;70;0;90;8000;300;4;Finished;3;3893;1;300;0;994;19;0;0;65535;0;0;0;0;0;0;0;0
43.42.530;250;2000;0;UserDefined.Braker_Signal;0;1;SDIO.DigitalInput12_EMO;0;0;1;0;0;0;0;0;1;0;0;0;;300;0;150;0;1;300;0;0;200;80;900;2000;;1000;1;0;200;225;0;35;153;QUAD;5;0;0;0;0;0;0;0;0;0;0;0;0;0;0;0;0;0;0;0;0;0;19;0;0;0;0;0;0;0;0;0;0;0;0;0;0;0;0;0;0;0;0;0;4;0;0;0;0;0;0;0;0;0;0;0;0;0;0;0;0;0;0;0;0;0;0;0;0;0;0;0;0;0;0;0;0;0;0;0;0;0;0;0;0;0;0;0;0;0;0;0;0;0;0;0;0;0;0;0;0;0;0;0;0;0;0;0;0;0;0;0;0;0;0;0;0;0;0;0;0;NotUsed;DCD_6.WheelAngle;DCD_5.DriveEncDist;NotUsed;DCD_5.DriveEncSpeed;120;105;-105;0;0;DCD_6.EnablePowerStage;DCD_6.SetAngle;DCD_5.EnablePowerStage;DCD_5.SetSpeed;SD;628;0;NotUsed;DCD_8.WheelAngle;DCD_7.DriveEncDist;NotUsed;DCD_7.DriveEncSpeed;120;105;-105;0;0;DCD_8.EnablePowerStage;DCD_8.SetAngle;DCD_7.EnablePowerStage;DCD_7.SetSpeed;SD;-628;0;54;4;-22;0;0;1;reflector;500;1;0;0;0;No error;-1;1;0;0;0;0;0;0;0;0;1;0;0;0;0;0;0;0;0;0;1;0;0;0;1;0;0;0;0;0;0;0;0;0;0;1;17;1;3;1;1;0;3;1;WaitMoveMissionDone;1;0;0;20;0;0;0;0;0;0;0;0;0;5;0;NormalState;0;1;7;0;70;0;90;8000;300;4;Finished;3;4201;1;300;0;687;19;0;0;65535;0;0;0;0;0;0;0;0
43.43.499;250;2000;0;UserDefined.Braker_Signal;0;1;SDIO.DigitalInput12_EMO;0;0;1;0;0;0;0;0;1;0;0;0;;300;0;150;0;1;300;0;0;200;80;900;2000;;1000;1;0;200;225;0;35;153;QUAD;5;0;0;0;0;0;0;0;0;0;0;0;0;0;0;0;0;0;0;0;0;0;19;0;0;0;0;0;0;0;0;0;0;0;0;0;0;0;0;0;0;0;0;0;4;0;0;0;0;0;0;0;0;0;0;0;0;0;0;0;0;0;0;0;0;0;0;0;0;0;0;0;0;0;0;0;0;0;0;0;0;0;0;0;0;0;0;0;0;0;0;0;0;0;0;0;0;0;0;0;0;0;0;0;0;0;0;0;0;0;0;0;0;0;0;0;0;0;0;0;0;NotUsed;DCD_6.WheelAngle;DCD_5.DriveEncDist;NotUsed;DCD_5.DriveEncSpeed;120;105;-105;0;0;DCD_6.EnablePowerStage;DCD_6.SetAngle;DCD_5.EnablePowerStage;DCD_5.SetSpeed;SD;628;0;NotUsed;DCD_8.WheelAngle;DCD_7.DriveEncDist;NotUsed;DCD_7.DriveEncSpeed;120;105;-105;0;0;DCD_8.EnablePowerStage;DCD_8.SetAngle;DCD_7.EnablePowerStage;DCD_7.SetSpeed;SD;-628;0;58;19;-7;0;0;1;reflector;500;1;0;0;0;No error;-1;1;0;0;0;0;0;0;0;0;1;0;0;0;0;0;0;0;0;0;1;0;0;0;1;0;0;0;0;0;0;0;0;0;0;1;17;1;3;1;1;0;3;1;WaitMoveMissionDone;1;0;0;20;0;0;0;0;0;0;0;0;0;5;0;NormalState;0;1;7;0;70;0;90;8000;300;4;Finished;3;4507;1;300;0;381;19;0;0;65535;0;0;0;0;0;0;0;0
43.44.499;250;2000;0;UserDefined.Braker_Signal;0;1;SDIO.DigitalInput12_EMO;0;0;1;0;0;0;0;0;1;0;0;0;;80;0;100;0;1;300;0;0;200;80;900;2000;;1000;1;0;200;225;0;35;153;QUAD;5;0;0;0;0;0;0;0;0;0;0;0;0;0;0;0;0;0;0;0;0;0;19;0;0;0;0;0;0;0;0;0;0;0;0;0;0;0;0;0;0;0;0;0;4;0;0;0;0;0;0;0;0;0;0;0;0;0;0;0;0;0;0;0;0;0;0;0;0;0;0;0;0;0;0;0;0;0;0;0;0;0;0;0;0;0;0;0;0;0;0;0;0;0;0;0;0;0;0;0;0;0;0;0;0;0;0;0;0;0;0;0;0;0;0;0;0;0;0;0;0;NotUsed;DCD_6.WheelAngle;DCD_5.DriveEncDist;NotUsed;DCD_5.DriveEncSpeed;120;105;-105;0;0;DCD_6.EnablePowerStage;DCD_6.SetAngle;DCD_5.EnablePowerStage;DCD_5.SetSpeed;SD;628;0;NotUsed;DCD_8.WheelAngle;DCD_7.DriveEncDist;NotUsed;DCD_7.DriveEncSpeed;120;105;-105;0;0;DCD_8.EnablePowerStage;DCD_8.SetAngle;DCD_7.EnablePowerStage;DCD_7.SetSpeed;SD;-628;0;55;16;-7;0;0;1;reflector;500;1;0;0;0;No error;-1;1;0;0;0;0;0;0;0;0;1;0;0;0;0;0;0;0;0;0;1;0;0;0;1;0;0;0;0;0;0;0;0;0;0;1;17;1;3;1;1;0;3;1;WaitMoveMissionDone;1;0;0;20;0;0;0;0;0;0;0;0;0;5;0;NormalState;0;1;7;0;70;0;90;8000;300;4;Finished;3;4724;1;300;0;163;19;0;0;65535;0;0;0;0;0;0;0;0
43.45.499;250;2000;0;UserDefined.Braker_Signal;0;1;SDIO.DigitalInput12_EMO;0;0;1;0;0;0;0;0;1;0;0;0;;80;0;100;0;1;300;0;0;200;80;900;2000;;1000;1;0;200;225;0;35;153;QUAD;5;0;0;0;0;0;0;0;0;0;0;0;0;0;0;0;0;0;0;0;0;0;19;0;0;0;0;0;0;0;0;0;0;0;0;0;0;0;0;0;0;0;0;0;4;0;0;0;0;0;0;0;0;0;0;0;0;0;0;0;0;0;0;0;0;0;0;0;0;0;0;0;0;0;0;0;0;0;0;0;0;0;0;0;0;0;0;0;0;0;0;0;0;0;0;0;0;0;0;0;0;0;0;0;0;0;0;0;0;0;0;0;0;0;0;0;0;0;0;0;0;NotUsed;DCD_6.WheelAngle;DCD_5.DriveEncDist;NotUsed;DCD_5.DriveEncSpeed;120;105;-105;0;0;DCD_6.EnablePowerStage;DCD_6.SetAngle;DCD_5.EnablePowerStage;DCD_5.SetSpeed;SD;628;0;NotUsed;DCD_8.WheelAngle;DCD_7.DriveEncDist;NotUsed;DCD_7.DriveEncSpeed;120;105;-105;0;0;DCD_8.EnablePowerStage;DCD_8.SetAngle;DCD_7.EnablePowerStage;DCD_7.SetSpeed;SD;-628;0;46;10;-4;0;0;1;reflector;500;1;0;0;0;No error;-1;1;0;0;0;0;0;0;0;0;1;0;0;0;0;0;0;0;0;0;1;0;0;0;1;0;0;0;0;0;0;0;0;0;0;1;17;1;3;1;1;0;3;1;WaitMoveMissionDone;1;0;0;20;0;0;0;0;0;0;0;0;0;5;0;NormalState;0;1;7;0;70;0;90;8000;300;4;Finished;3;4770;1;300;0;118;19;0;0;65535;0;0;0;0;0;0;0;0
43.46.498;250;2000;0;UserDefined.Braker_Signal;0;1;SDIO.DigitalInput12_EMO;0;0;1;0;0;0;0;0;1;0;0;0;;80;0;100;0;1;300;0;0;200;80;900;2000;;1000;1;0;200;225;0;35;153;QUAD;5;0;0;0;0;0;0;0;0;0;0;0;0;0;0;0;0;0;0;0;0;0;19;0;0;0;0;0;0;0;0;0;0;0;0;0;0;0;0;0;0;0;0;0;4;0;0;0;0;0;0;0;0;0;0;0;0;0;0;0;0;0;0;0;0;0;0;0;0;0;0;0;0;0;0;0;0;0;0;0;0;0;0;0;0;0;0;0;0;0;0;0;0;0;0;0;0;0;0;0;0;0;0;0;0;0;0;0;0;0;0;0;0;0;0;0;0;0;0;0;0;NotUsed;DCD_6.WheelAngle;DCD_5.DriveEncDist;NotUsed;DCD_5.DriveEncSpeed;120;105;-105;0;0;DCD_6.EnablePowerStage;DCD_6.SetAngle;DCD_5.EnablePowerStage;DCD_5.SetSpeed;SD;628;0;NotUsed;DCD_8.WheelAngle;DCD_7.DriveEncDist;NotUsed;DCD_7.DriveEncSpeed;120;105;-105;0;0;DCD_8.EnablePowerStage;DCD_8.SetAngle;DCD_7.EnablePowerStage;DCD_7.SetSpeed;SD;-628;0;42;11;-2;0;0;1;reflector;500;1;0;0;0;No error;-1;1;0;0;0;0;0;0;0;0;1;0;0;0;0;0;0;0;0;0;1;0;0;0;1;0;0;0;0;0;0;0;0;0;0;1;17;1;3;1;1;0;3;1;WaitMoveMissionDone;1;0;0;20;0;0;0;0;0;0;0;0;0;5;0;NormalState;0;1;7;0;70;0;90;8000;300;4;Finished;3;4855;1;300;0;32;19;0;0;65535;0;0;0;0;0;0;0;0
43.47.498;250;2000;0;UserDefined.Braker_Signal;0;1;SDIO.DigitalInput12_EMO;0;0;0;0;0;0;0;0;0;0;0;0;;0;0;100;0;1;300;0;0;200;80;900;2000;;1000;1;0;200;225;0;35;153;QUAD;5;0;0;0;0;0;0;0;0;0;0;0;0;0;0;0;0;0;0;0;0;0;19;0;0;0;0;0;0;0;0;0;0;0;0;0;0;0;0;0;0;0;0;0;17;0;0;0;0;0;0;0;0;0;0;0;0;0;0;0;0;0;0;0;0;0;0;0;0;0;0;0;0;0;0;0;0;0;0;0;0;0;0;0;0;0;0;0;0;0;0;0;0;0;0;0;0;0;0;0;0;0;0;0;0;0;0;0;0;0;0;0;0;0;0;0;0;0;0;0;0;NotUsed;DCD_6.WheelAngle;DCD_5.DriveEncDist;NotUsed;DCD_5.DriveEncSpeed;120;105;-105;0;0;DCD_6.EnablePowerStage;DCD_6.SetAngle;DCD_5.EnablePowerStage;DCD_5.SetSpeed;SD;628;0;NotUsed;DCD_8.WheelAngle;DCD_7.DriveEncDist;NotUsed;DCD_7.DriveEncSpeed;120;105;-105;0;0;DCD_8.EnablePowerStage;DCD_8.SetAngle;DCD_7.EnablePowerStage;DCD_7.SetSpeed;SD;-628;0;35;11;-1;0;0;1;reflector;500;1;0;0;0;No error;-1;1;0;0;0;0;0;0;0;0;1;0;0;0;0;0;0;0;0;0;1;0;0;0;1;0;0;0;0;0;0;0;0;0;0;1;0;0;3;1;1;0;3;0;WaitNewOrder;1;0;0;20;0;0;0;0;0;0;0;0;0;5;0;NormalState;0;1;7;0;70;0;90;8000;300;4;Finished;3;4884;1;300;17;3;19;0;0;65535;0;0;0;0;0;0;0;0
43.48.498;250;2000;0;UserDefined.Braker_Signal;0;1;SDIO.DigitalInput12_EMO;0;0;0;0;0;0;0;0;0;0;0;0;;0;0;100;0;1;300;0;0;200;80;900;2000;;1000;1;0;200;225;0;35;153;QUAD;5;0;0;0;0;0;0;0;0;0;0;0;0;0;0;0;0;0;0;0;0;0;19;0;0;0;0;0;0;0;0;0;0;0;0;0;0;0;0;0;0;0;0;0;17;0;0;0;0;0;0;0;0;0;0;0;0;0;0;0;0;0;0;0;0;0;0;0;0;0;0;0;0;0;0;0;0;0;0;0;0;0;0;0;0;0;0;0;0;0;0;0;0;0;0;0;0;0;0;0;0;0;0;0;0;0;0;0;0;0;0;0;0;0;0;0;0;0;0;0;0;NotUsed;DCD_6.WheelAngle;DCD_5.DriveEncDist;NotUsed;DCD_5.DriveEncSpeed;120;105;-105;0;0;DCD_6.EnablePowerStage;DCD_6.SetAngle;DCD_5.EnablePowerStage;DCD_5.SetSpeed;SD;628;0;NotUsed;DCD_8.WheelAngle;DCD_7.DriveEncDist;NotUsed;DCD_7.DriveEncSpeed;120;105;-105;0;0;DCD_8.EnablePowerStage;DCD_8.SetAngle;DCD_7.EnablePowerStage;DCD_7.SetSpeed;SD;-628;0;29;9;-1;0;0;1;reflector;500;1;0;0;0;No error;-1;1;0;0;0;0;0;0;0;0;1;0;0;0;0;0;0;0;0;0;1;0;0;0;1;0;0;0;0;0;0;0;0;0;0;1;0;0;3;1;1;0;3;0;WaitNewOrder;1;0;0;20;0;0;0;0;0;0;0;0;0;5;0;NormalState;0;1;7;0;70;0;90;8000;300;4;Finished;3;4884;1;300;17;3;19;0;0;65535;0;0;0;0;0;0;0;0
43.49.498;250;2000;0;UserDefined.Braker_Signal;0;1;SDIO.DigitalInput12_EMO;0;0;0;0;0;0;0;0;0;0;0;0;;0;0;100;0;1;300;0;0;200;80;900;2000;;1000;1;0;200;225;0;35;153;QUAD;5;0;0;0;0;0;0;0;0;0;0;0;0;0;0;0;0;0;0;0;0;0;19;0;0;0;0;0;0;0;0;0;0;0;0;0;0;0;0;0;0;0;0;0;17;0;0;0;0;0;0;0;0;0;0;0;0;0;0;0;0;0;0;0;0;0;0;0;0;0;0;0;0;0;0;0;0;0;0;0;0;0;0;0;0;0;0;0;0;0;0;0;0;0;0;0;0;0;0;0;0;0;0;0;0;0;0;0;0;0;0;0;0;0;0;0;0;0;0;0;0;NotUsed;DCD_6.WheelAngle;DCD_5.DriveEncDist;NotUsed;DCD_5.DriveEncSpeed;120;105;-105;0;0;DCD_6.EnablePowerStage;DCD_6.SetAngle;DCD_5.EnablePowerStage;DCD_5.SetSpeed;SD;628;0;NotUsed;DCD_8.WheelAngle;DCD_7.DriveEncDist;NotUsed;DCD_7.DriveEncSpeed;120;105;-105;0;0;DCD_8.EnablePowerStage;DCD_8.SetAngle;DCD_7.EnablePowerStage;DCD_7.SetSpeed;SD;-628;0;25;8;-1;0;0;1;reflector;500;1;0;0;0;No error;-1;1;0;0;0;0;0;0;0;0;1;0;0;0;0;0;0;0;0;0;1;0;0;0;1;0;0;0;0;0;0;0;0;0;0;1;0;0;3;1;1;0;3;0;WaitNewOrder;1;0;0;20;0;0;0;0;0;0;0;0;0;5;0;NormalState;0;1;7;0;70;0;90;8000;300;4;Finished;3;4884;1;300;17;3;19;0;0;65535;0;0;0;0;0;0;0;0
43.50.482;250;2000;0;UserDefined.Braker_Signal;0;1;SDIO.DigitalInput12_EMO;0;0;0;0;0;0;0;0;0;0;0;0;;0;0;100;0;1;300;0;0;200;80;900;2000;;1000;1;0;200;225;0;35;153;QUAD;5;0;0;0;0;0;0;0;0;0;0;0;0;0;0;0;0;0;0;0;0;0;19;0;0;0;0;0;0;0;0;0;0;0;0;0;0;0;0;0;0;0;0;0;17;0;0;0;0;0;0;0;0;0;0;0;0;0;0;0;0;0;0;0;0;0;0;0;0;0;0;0;0;0;0;0;0;0;0;0;0;0;0;0;0;0;0;0;0;0;0;0;0;0;0;0;0;0;0;0;0;0;0;0;0;0;0;0;0;0;0;0;0;0;0;0;0;0;0;0;0;NotUsed;DCD_6.WheelAngle;DCD_5.DriveEncDist;NotUsed;DCD_5.DriveEncSpeed;120;105;-105;0;0;DCD_6.EnablePowerStage;DCD_6.SetAngle;DCD_5.EnablePowerStage;DCD_5.SetSpeed;SD;628;0;NotUsed;DCD_8.WheelAngle;DCD_7.DriveEncDist;NotUsed;DCD_7.DriveEncSpeed;120;105;-105;0;0;DCD_8.EnablePowerStage;DCD_8.SetAngle;DCD_7.EnablePowerStage;DCD_7.SetSpeed;SD;-628;0;20;6;-1;0;0;1;reflector;500;1;0;0;0;No error;-1;1;0;0;0;0;0;0;0;0;1;0;0;0;0;0;0;0;0;0;1;0;0;0;1;0;0;0;0;0;0;0;0;0;0;1;0;0;3;1;1;0;3;0;WaitNewOrder;1;0;0;20;0;0;0;0;0;0;0;0;0;5;0;NormalState;0;1;7;0;70;0;90;8000;300;4;Finished;3;4884;1;300;17;3;19;0;0;65535;0;0;0;0;0;0;0;0
43.51.482;250;2000;0;UserDefined.Braker_Signal;0;1;SDIO.DigitalInput12_EMO;0;0;0;0;0;0;0;0;0;0;0;0;;0;0;100;0;1;300;0;0;200;80;900;2000;;1000;1;0;200;225;0;35;153;QUAD;5;0;0;0;0;0;0;0;0;0;0;0;0;0;0;0;0;0;0;0;0;0;19;0;0;0;0;0;0;0;0;0;0;0;0;0;0;0;0;0;0;0;0;0;17;0;0;0;0;0;0;0;0;0;0;0;0;0;0;0;0;0;0;0;0;0;0;0;0;0;0;0;0;0;0;0;0;0;0;0;0;0;0;0;0;0;0;0;0;0;0;0;0;0;0;0;0;0;0;0;0;0;0;0;0;0;0;0;0;0;0;0;0;0;0;0;0;0;0;0;0;NotUsed;DCD_6.WheelAngle;DCD_5.DriveEncDist;NotUsed;DCD_5.DriveEncSpeed;120;105;-105;0;0;DCD_6.EnablePowerStage;DCD_6.SetAngle;DCD_5.EnablePowerStage;DCD_5.SetSpeed;SD;628;0;NotUsed;DCD_8.WheelAngle;DCD_7.DriveEncDist;NotUsed;DCD_7.DriveEncSpeed;120;105;-105;0;0;DCD_8.EnablePowerStage;DCD_8.SetAngle;DCD_7.EnablePowerStage;DCD_7.SetSpeed;SD;-628;0;16;5;0;0;0;1;reflector;500;1;0;0;0;No error;-1;1;0;0;0;0;0;0;0;0;1;0;0;0;0;0;0;0;0;0;1;0;0;0;1;0;0;0;0;0;0;0;0;0;0;1;0;0;3;1;1;0;3;0;WaitNewOrder;1;0;0;20;0;0;0;0;0;0;0;0;0;5;0;NormalState;0;1;7;0;70;0;90;8000;300;4;Finished;3;4884;1;300;17;3;19;0;0;65535;0;0;0;0;0;0;0;0
43.52.498;250;2000;0;UserDefined.Braker_Signal;0;1;SDIO.DigitalInput12_EMO;0;0;0;0;0;0;0;0;0;0;0;0;;0;0;100;0;1;300;0;0;200;80;900;2000;;1000;1;0;200;225;0;35;153;QUAD;5;0;0;0;0;0;0;0;0;0;0;0;0;0;0;0;0;0;0;0;0;0;19;0;0;0;0;0;0;0;0;0;0;0;0;0;0;0;0;0;0;0;0;0;17;0;0;0;0;0;0;0;0;0;0;0;0;0;0;0;0;0;0;0;0;0;0;0;0;0;0;0;0;0;0;0;0;0;0;0;0;0;0;0;0;0;0;0;0;0;0;0;0;0;0;0;0;0;0;0;0;0;0;0;0;0;0;0;0;0;0;0;0;0;0;0;0;0;0;0;0;NotUsed;DCD_6.WheelAngle;DCD_5.DriveEncDist;NotUsed;DCD_5.DriveEncSpeed;120;105;-105;0;0;DCD_6.EnablePowerStage;DCD_6.SetAngle;DCD_5.EnablePowerStage;DCD_5.SetSpeed;SD;628;0;NotUsed;DCD_8.WheelAngle;DCD_7.DriveEncDist;NotUsed;DCD_7.DriveEncSpeed;120;105;-105;0;0;DCD_8.EnablePowerStage;DCD_8.SetAngle;DCD_7.EnablePowerStage;DCD_7.SetSpeed;SD;-628;0;14;4;0;0;0;1;reflector;500;1;0;0;0;No error;-1;1;0;0;0;0;0;0;0;0;1;0;0;0;0;0;0;0;0;0;1;0;0;0;1;0;0;0;0;0;0;0;0;0;0;1;0;0;3;1;1;0;3;0;WaitNewOrder;1;0;0;20;0;0;0;0;0;0;0;0;0;5;0;NormalState;0;1;7;0;70;0;90;8000;300;4;Finished;3;4884;1;300;17;3;19;0;0;65535;0;0;0;0;0;0;0;0
43.53.482;250;2000;0;UserDefined.Braker_Signal;0;1;SDIO.DigitalInput12_EMO;0;0;0;0;0;0;0;0;0;0;0;0;;0;0;100;0;1;300;0;0;200;80;900;2000;;1000;1;0;200;225;0;35;153;QUAD;5;0;0;0;0;0;0;0;0;0;0;0;0;0;0;0;0;0;0;0;0;0;19;0;0;0;0;0;0;0;0;0;0;0;0;0;0;0;0;0;0;0;0;0;17;0;0;0;0;0;0;0;0;0;0;0;0;0;0;0;0;0;0;0;0;0;0;0;0;0;0;0;0;0;0;0;0;0;0;0;0;0;0;0;0;0;0;0;0;0;0;0;0;0;0;0;0;0;0;0;0;0;0;0;0;0;0;0;0;0;0;0;0;0;0;0;0;0;0;0;0;NotUsed;DCD_6.WheelAngle;DCD_5.DriveEncDist;NotUsed;DCD_5.DriveEncSpeed;120;105;-105;0;0;DCD_6.EnablePowerStage;DCD_6.SetAngle;DCD_5.EnablePowerStage;DCD_5.SetSpeed;SD;628;0;NotUsed;DCD_8.WheelAngle;DCD_7.DriveEncDist;NotUsed;DCD_7.DriveEncSpeed;120;105;-105;0;0;DCD_8.EnablePowerStage;DCD_8.SetAngle;DCD_7.EnablePowerStage;DCD_7.SetSpeed;SD;-628;0;11;3;0;0;0;1;reflector;500;1;0;0;0;No error;-1;1;0;0;0;0;0;0;0;0;1;0;0;0;0;0;0;0;0;0;1;0;0;0;1;0;0;0;0;0;0;0;0;0;0;1;0;0;3;1;1;0;3;0;WaitNewOrder;1;0;0;20;0;0;0;0;0;0;0;0;0;5;0;NormalState;0;1;7;0;70;0;90;8000;300;4;Finished;3;4884;1;300;17;3;19;0;0;65535;0;0;0;0;0;0;0;0
43.54.498;250;2000;0;UserDefined.Braker_Signal;0;1;SDIO.DigitalInput12_EMO;0;0;0;0;0;0;0;0;0;0;0;0;;0;0;100;0;1;300;0;0;200;80;900;2000;;1000;1;0;200;225;0;35;153;QUAD;5;0;0;0;0;0;0;0;0;0;0;0;0;0;0;0;0;0;0;0;0;0;19;0;0;0;0;0;0;0;0;0;0;0;0;0;0;0;0;0;0;0;0;0;17;0;0;0;0;0;0;0;0;0;0;0;0;0;0;0;0;0;0;0;0;0;0;0;0;0;0;0;0;0;0;0;0;0;0;0;0;0;0;0;0;0;0;0;0;0;0;0;0;0;0;0;0;0;0;0;0;0;0;0;0;0;0;0;0;0;0;0;0;0;0;0;0;0;0;0;0;NotUsed;DCD_6.WheelAngle;DCD_5.DriveEncDist;NotUsed;DCD_5.DriveEncSpeed;120;105;-105;0;0;DCD_6.EnablePowerStage;DCD_6.SetAngle;DCD_5.EnablePowerStage;DCD_5.SetSpeed;SD;628;0;NotUsed;DCD_8.WheelAngle;DCD_7.DriveEncDist;NotUsed;DCD_7.DriveEncSpeed;120;105;-105;0;0;DCD_8.EnablePowerStage;DCD_8.SetAngle;DCD_7.EnablePowerStage;DCD_7.SetSpeed;SD;-628;0;8;3;0;0;0;1;reflector;500;1;0;0;0;No error;-1;1;0;0;0;0;0;0;0;0;1;0;0;0;0;0;0;0;0;0;1;0;0;0;1;0;0;0;0;0;0;0;0;0;0;1;0;0;3;1;1;0;3;0;WaitNewOrder;1;0;0;20;0;0;0;0;0;0;0;0;0;5;0;NormalState;0;1;7;0;70;0;90;8000;300;4;Finished;3;4884;1;300;17;3;19;0;0;65535;0;0;0;0;0;0;0;0
43.55.482;250;2000;0;UserDefined.Braker_Signal;0;1;SDIO.DigitalInput12_EMO;0;0;0;0;0;0;0;0;0;0;0;0;;0;0;100;0;1;300;0;0;200;80;900;2000;;1000;1;0;200;225;0;35;153;QUAD;5;0;0;0;0;0;0;0;0;0;0;0;0;0;0;0;0;0;0;0;0;0;19;0;0;0;0;0;0;0;0;0;0;0;0;0;0;0;0;0;0;0;0;0;17;0;0;0;0;0;0;0;0;0;0;0;0;0;0;0;0;0;0;0;0;0;0;0;0;0;0;0;0;0;0;0;0;0;0;0;0;0;0;0;0;0;0;0;0;0;0;0;0;0;0;0;0;0;0;0;0;0;0;0;0;0;0;0;0;0;0;0;0;0;0;0;0;0;0;0;0;NotUsed;DCD_6.WheelAngle;DCD_5.DriveEncDist;NotUsed;DCD_5.DriveEncSpeed;120;105;-105;0;0;DCD_6.EnablePowerStage;DCD_6.SetAngle;DCD_5.EnablePowerStage;DCD_5.SetSpeed;SD;628;0;NotUsed;DCD_8.WheelAngle;DCD_7.DriveEncDist;NotUsed;DCD_7.DriveEncSpeed;120;105;-105;0;0;DCD_8.EnablePowerStage;DCD_8.SetAngle;DCD_7.EnablePowerStage;DCD_7.SetSpeed;SD;-628;0;7;3;0;0;0;1;reflector;500;1;0;0;0;No error;-1;1;0;0;0;0;0;0;0;0;1;0;0;0;0;0;0;0;0;0;1;0;0;0;1;0;0;0;0;0;0;0;0;0;0;1;0;0;3;1;1;0;3;0;WaitNewOrder;1;0;0;20;0;0;0;0;0;0;0;0;0;5;0;NormalState;0;1;7;0;70;0;90;8000;300;4;Finished;3;4884;1;300;17;3;19;0;0;65535;0;0;0;0;0;0;0;0
43.56.553;250;2000;0;UserDefined.Braker_Signal;0;1;SDIO.DigitalInput12_EMO;0;0;0;0;0;0;0;0;0;0;0;0;;0;0;100;0;1;300;0;0;200;80;900;2000;;1000;1;0;200;225;0;35;153;QUAD;5;0;0;0;0;0;0;0;0;0;0;0;0;0;0;0;0;0;0;0;0;0;19;0;0;0;0;0;0;0;0;0;0;0;0;0;0;0;0;0;0;0;0;0;17;0;0;0;0;0;0;0;0;0;0;0;0;0;0;0;0;0;0;0;0;0;0;0;0;0;0;0;0;0;0;0;0;0;0;0;0;0;0;0;0;0;0;0;0;0;0;0;0;0;0;0;0;0;0;0;0;0;0;0;0;0;0;0;0;0;0;0;0;0;0;0;0;0;0;0;0;NotUsed;DCD_6.WheelAngle;DCD_5.DriveEncDist;NotUsed;DCD_5.DriveEncSpeed;120;105;-105;0;0;DCD_6.EnablePowerStage;DCD_6.SetAngle;DCD_5.EnablePowerStage;DCD_5.SetSpeed;SD;628;0;NotUsed;DCD_8.WheelAngle;DCD_7.DriveEncDist;NotUsed;DCD_7.DriveEncSpeed;120;105;-105;0;0;DCD_8.EnablePowerStage;DCD_8.SetAngle;DCD_7.EnablePowerStage;DCD_7.SetSpeed;SD;-628;0;6;2;0;0;0;1;reflector;500;1;0;0;0;No error;-1;1;0;0;0;0;0;0;0;0;1;0;0;0;0;0;0;0;0;0;1;0;0;0;1;0;0;0;0;0;0;0;0;0;0;1;0;0;3;1;1;0;3;0;WaitNewOrder;1;0;0;20;0;0;0;0;0;0;0;0;0;5;0;NormalState;0;1;7;0;70;0;90;8000;300;4;Finished;3;4884;1;300;17;3;19;0;0;65535;0;0;0;0;0;0;0;0
43.57.490;250;2000;0;UserDefined.Braker_Signal;0;1;SDIO.DigitalInput12_EMO;0;0;0;0;0;0;0;0;0;0;0;0;;0;0;100;0;1;300;0;0;200;80;900;2000;;1000;1;0;200;225;0;35;153;QUAD;5;0;0;0;0;0;0;0;0;0;0;0;0;0;0;0;0;0;0;0;0;0;19;0;0;0;0;0;0;0;0;0;0;0;0;0;0;0;0;0;0;0;0;0;17;0;0;0;0;0;0;0;0;0;0;0;0;0;0;0;0;0;0;0;0;0;0;0;0;0;0;0;0;0;0;0;0;0;0;0;0;0;0;0;0;0;0;0;0;0;0;0;0;0;0;0;0;0;0;0;0;0;0;0;0;0;0;0;0;0;0;0;0;0;0;0;0;0;0;0;0;NotUsed;DCD_6.WheelAngle;DCD_5.DriveEncDist;NotUsed;DCD_5.DriveEncSpeed;120;105;-105;0;0;DCD_6.EnablePowerStage;DCD_6.SetAngle;DCD_5.EnablePowerStage;DCD_5.SetSpeed;SD;628;0;NotUsed;DCD_8.WheelAngle;DCD_7.DriveEncDist;NotUsed;DCD_7.DriveEncSpeed;120;105;-105;0;0;DCD_8.EnablePowerStage;DCD_8.SetAngle;DCD_7.EnablePowerStage;DCD_7.SetSpeed;SD;-628;0;5;2;0;0;0;1;reflector;500;1;0;0;0;No error;-1;1;0;0;0;0;0;0;0;0;1;0;0;0;0;0;0;0;0;0;1;0;0;0;1;0;0;0;0;0;0;0;0;0;0;1;0;0;3;1;1;0;3;0;WaitNewOrder;1;0;0;20;0;0;0;0;0;0;0;0;0;5;0;NormalState;0;1;7;0;70;0;90;8000;300;4;Finished;3;4884;1;300;17;3;19;0;0;65535;0;0;0;0;0;0;0;0
43.58.480;250;2000;0;UserDefined.Braker_Signal;0;1;SDIO.DigitalInput12_EMO;0;0;0;0;0;0;0;0;0;0;0;0;;0;0;100;0;1;300;0;0;200;80;900;2000;;1000;1;0;200;225;0;35;153;QUAD;5;0;0;0;0;0;0;0;0;0;0;0;0;0;0;0;0;0;0;0;0;0;19;0;0;0;0;0;0;0;0;0;0;0;0;0;0;0;0;0;0;0;0;0;17;0;0;0;0;0;0;0;0;0;0;0;0;0;0;0;0;0;0;0;0;0;0;0;0;0;0;0;0;0;0;0;0;0;0;0;0;0;0;0;0;0;0;0;0;0;0;0;0;0;0;0;0;0;0;0;0;0;0;0;0;0;0;0;0;0;0;0;0;0;0;0;0;0;0;0;0;NotUsed;DCD_6.WheelAngle;DCD_5.DriveEncDist;NotUsed;DCD_5.DriveEncSpeed;120;105;-105;0;0;DCD_6.EnablePowerStage;DCD_6.SetAngle;DCD_5.EnablePowerStage;DCD_5.SetSpeed;SD;628;0;NotUsed;DCD_8.WheelAngle;DCD_7.DriveEncDist;NotUsed;DCD_7.DriveEncSpeed;120;105;-105;0;0;DCD_8.EnablePowerStage;DCD_8.SetAngle;DCD_7.EnablePowerStage;DCD_7.SetSpeed;SD;-628;0;4;1;0;0;0;1;reflector;500;1;0;0;0;No error;-1;1;0;0;0;0;0;0;0;0;1;0;0;0;0;0;0;0;0;0;1;0;0;0;1;0;0;0;0;0;0;0;0;0;0;1;0;0;3;1;1;0;3;0;WaitNewOrder;1;0;0;20;0;0;0;0;0;0;0;0;0;5;0;NormalState;0;1;7;0;70;0;90;8000;300;4;Finished;3;4884;1;300;17;3;19;0;0;65535;0;0;0;0;0;0;0;0
43.59.480;250;2000;0;UserDefined.Braker_Signal;0;1;SDIO.DigitalInput12_EMO;0;0;0;0;0;0;0;0;0;0;0;0;;0;0;100;0;1;300;0;0;200;80;900;2000;;1000;1;0;200;225;0;35;153;QUAD;5;0;0;0;0;0;0;0;0;0;0;0;0;0;0;0;0;0;0;0;0;0;19;0;0;0;0;0;0;0;0;0;0;0;0;0;0;0;0;0;0;0;0;0;17;0;0;0;0;0;0;0;0;0;0;0;0;0;0;0;0;0;0;0;0;0;0;0;0;0;0;0;0;0;0;0;0;0;0;0;0;0;0;0;0;0;0;0;0;0;0;0;0;0;0;0;0;0;0;0;0;0;0;0;0;0;0;0;0;0;0;0;0;0;0;0;0;0;0;0;0;NotUsed;DCD_6.WheelAngle;DCD_5.DriveEncDist;NotUsed;DCD_5.DriveEncSpeed;120;105;-105;0;0;DCD_6.EnablePowerStage;DCD_6.SetAngle;DCD_5.EnablePowerStage;DCD_5.SetSpeed;SD;628;0;NotUsed;DCD_8.WheelAngle;DCD_7.DriveEncDist;NotUsed;DCD_7.DriveEncSpeed;120;105;-105;0;0;DCD_8.EnablePowerStage;DCD_8.SetAngle;DCD_7.EnablePowerStage;DCD_7.SetSpeed;SD;-628;0;4;1;0;0;0;1;reflector;500;1;0;0;0;No error;-1;1;0;0;0;0;0;0;0;0;1;0;0;0;0;0;0;0;0;0;1;0;0;0;1;0;0;0;0;0;0;0;0;0;0;1;0;0;3;1;1;0;3;0;WaitNewOrder;1;0;0;20;0;0;0;0;0;0;0;0;0;5;0;NormalState;0;1;7;0;70;0;90;8000;300;4;Finished;3;4884;1;300;17;3;19;0;0;65535;0;0;0;0;0;0;0;0
44.0.485;250;2000;0;UserDefined.Braker_Signal;0;1;SDIO.DigitalInput12_EMO;0;0;0;0;0;0;0;0;0;0;0;0;;0;0;100;0;1;300;0;0;200;80;900;2000;;1000;1;0;200;225;0;35;153;QUAD;5;0;0;0;0;0;0;0;0;0;0;0;0;0;0;0;0;0;0;0;0;0;19;0;0;0;0;0;0;0;0;0;0;0;0;0;0;0;0;0;0;0;0;0;17;0;0;0;0;0;0;0;0;0;0;0;0;0;0;0;0;0;0;0;0;0;0;0;0;0;0;0;0;0;0;0;0;0;0;0;0;0;0;0;0;0;0;0;0;0;0;0;0;0;0;0;0;0;0;0;0;0;0;0;0;0;0;0;0;0;0;0;0;0;0;0;0;0;0;0;0;NotUsed;DCD_6.WheelAngle;DCD_5.DriveEncDist;NotUsed;DCD_5.DriveEncSpeed;120;105;-105;0;0;DCD_6.EnablePowerStage;DCD_6.SetAngle;DCD_5.EnablePowerStage;DCD_5.SetSpeed;SD;628;0;NotUsed;DCD_8.WheelAngle;DCD_7.DriveEncDist;NotUsed;DCD_7.DriveEncSpeed;120;105;-105;0;0;DCD_8.EnablePowerStage;DCD_8.SetAngle;DCD_7.EnablePowerStage;DCD_7.SetSpeed;SD;-628;0;2;1;0;0;0;1;reflector;500;1;0;0;0;No error;-1;1;0;0;0;0;0;0;0;0;1;0;0;0;0;0;0;0;0;0;1;0;0;0;1;0;0;0;0;0;0;0;0;0;0;1;0;0;3;1;1;0;3;0;WaitNewOrder;1;0;0;20;0;0;0;0;0;0;0;0;0;5;0;NormalState;0;1;7;0;70;0;90;8000;300;4;Finished;3;4884;1;300;17;3;19;0;0;65535;0;0;0;0;0;0;0;0
44.1.484;250;2000;0;UserDefined.Braker_Signal;0;1;SDIO.DigitalInput12_EMO;0;0;0;0;0;0;0;0;0;0;0;0;;0;0;100;0;1;300;0;0;200;80;900;2000;;1000;1;0;200;225;0;35;153;QUAD;5;0;0;0;0;0;0;0;0;0;0;0;0;0;0;0;0;0;0;0;0;0;19;0;0;0;0;0;0;0;0;0;0;0;0;0;0;0;0;0;0;0;0;0;17;0;0;0;0;0;0;0;0;0;0;0;0;0;0;0;0;0;0;0;0;0;0;0;0;0;0;0;0;0;0;0;0;0;0;0;0;0;0;0;0;0;0;0;0;0;0;0;0;0;0;0;0;0;0;0;0;0;0;0;0;0;0;0;0;0;0;0;0;0;0;0;0;0;0;0;0;NotUsed;DCD_6.WheelAngle;DCD_5.DriveEncDist;NotUsed;DCD_5.DriveEncSpeed;120;105;-105;0;0;DCD_6.EnablePowerStage;DCD_6.SetAngle;DCD_5.EnablePowerStage;DCD_5.SetSpeed;SD;628;0;NotUsed;DCD_8.WheelAngle;DCD_7.DriveEncDist;NotUsed;DCD_7.DriveEncSpeed;120;105;-105;0;0;DCD_8.EnablePowerStage;DCD_8.SetAngle;DCD_7.EnablePowerStage;DCD_7.SetSpeed;SD;-628;0;2;1;0;0;0;1;reflector;500;1;0;0;0;No error;-1;1;0;0;0;0;0;0;0;0;1;0;0;0;0;0;0;0;0;0;1;0;0;0;1;0;0;0;0;0;0;0;0;0;0;1;0;0;3;1;1;0;3;0;WaitNewOrder;1;0;0;20;0;0;0;0;0;0;0;0;0;5;0;NormalState;0;1;7;0;70;0;90;8000;300;4;Finished;3;4884;1;300;17;3;19;0;0;65535;0;0;0;0;0;0;0;0
44.2.484;250;2000;0;UserDefined.Braker_Signal;0;1;SDIO.DigitalInput12_EMO;0;0;0;0;0;0;0;0;0;0;0;0;;0;0;100;0;1;300;0;0;200;80;900;2000;;1000;1;0;200;225;0;35;153;QUAD;5;0;0;0;0;0;0;0;0;0;0;0;0;0;0;0;0;0;0;0;0;0;19;0;0;0;0;0;0;0;0;0;0;0;0;0;0;0;0;0;0;0;0;0;17;0;0;0;0;0;0;0;0;0;0;0;0;0;0;0;0;0;0;0;0;0;0;0;0;0;0;0;0;0;0;0;0;0;0;0;0;0;0;0;0;0;0;0;0;0;0;0;0;0;0;0;0;0;0;0;0;0;0;0;0;0;0;0;0;0;0;0;0;0;0;0;0;0;0;0;0;NotUsed;DCD_6.WheelAngle;DCD_5.DriveEncDist;NotUsed;DCD_5.DriveEncSpeed;120;105;-105;0;0;DCD_6.EnablePowerStage;DCD_6.SetAngle;DCD_5.EnablePowerStage;DCD_5.SetSpeed;SD;628;0;NotUsed;DCD_8.WheelAngle;DCD_7.DriveEncDist;NotUsed;DCD_7.DriveEncSpeed;120;105;-105;0;0;DCD_8.EnablePowerStage;DCD_8.SetAngle;DCD_7.EnablePowerStage;DCD_7.SetSpeed;SD;-628;0;1;1;0;0;0;1;reflector;500;1;0;0;0;No error;-1;1;0;0;0;0;0;0;0;0;1;0;0;0;0;0;0;0;0;0;1;0;0;0;1;0;0;0;0;0;0;0;0;0;0;1;0;0;3;1;1;0;3;0;WaitNewOrder;1;0;0;20;0;0;0;0;0;0;0;0;0;5;0;NormalState;0;1;7;0;70;0;90;8000;300;4;Finished;3;4884;1;300;17;3;19;0;0;65535;0;0;0;0;0;0;0;0
44.3.484;250;2000;0;UserDefined.Braker_Signal;0;1;SDIO.DigitalInput12_EMO;0;0;0;0;0;0;0;0;0;0;0;0;;0;0;100;0;1;300;0;0;200;80;900;2000;;1000;1;0;200;225;0;35;153;QUAD;5;0;0;0;0;0;0;0;0;0;0;0;0;0;0;0;0;0;0;0;0;0;19;0;0;0;0;0;0;0;0;0;0;0;0;0;0;0;0;0;0;0;0;0;17;0;0;0;0;0;0;0;0;0;0;0;0;0;0;0;0;0;0;0;0;0;0;0;0;0;0;0;0;0;0;0;0;0;0;0;0;0;0;0;0;0;0;0;0;0;0;0;0;0;0;0;0;0;0;0;0;0;0;0;0;0;0;0;0;0;0;0;0;0;0;0;0;0;0;0;0;NotUsed;DCD_6.WheelAngle;DCD_5.DriveEncDist;NotUsed;DCD_5.DriveEncSpeed;120;105;-105;0;0;DCD_6.EnablePowerStage;DCD_6.SetAngle;DCD_5.EnablePowerStage;DCD_5.SetSpeed;SD;628;0;NotUsed;DCD_8.WheelAngle;DCD_7.DriveEncDist;NotUsed;DCD_7.DriveEncSpeed;120;105;-105;0;0;DCD_8.EnablePowerStage;DCD_8.SetAngle;DCD_7.EnablePowerStage;DCD_7.SetSpeed;SD;-628;0;1;0;0;0;0;1;reflector;500;1;0;0;0;No error;-1;1;0;0;0;0;0;0;0;0;1;0;0;0;0;0;0;0;0;0;1;0;0;0;1;0;0;0;0;0;0;0;0;0;0;1;0;0;3;1;1;0;3;0;WaitNewOrder;1;0;0;20;0;0;0;0;0;0;0;0;0;5;0;NormalState;0;1;7;0;70;0;90;8000;300;4;Finished;3;4884;1;300;17;3;19;0;0;65535;0;0;0;0;0;0;0;0
44.4.484;250;2000;0;UserDefined.Braker_Signal;0;1;SDIO.DigitalInput12_EMO;0;0;0;0;0;0;0;0;0;0;0;0;;0;0;100;0;1;300;0;0;200;80;900;2000;;1000;1;0;200;225;0;35;153;QUAD;5;0;0;0;0;0;0;0;0;0;0;0;0;0;0;0;0;0;0;0;0;0;19;0;0;0;0;0;0;0;0;0;0;0;0;0;0;0;0;0;0;0;0;0;17;0;0;0;0;0;0;0;0;0;0;0;0;0;0;0;0;0;0;0;0;0;0;0;0;0;0;0;0;0;0;0;0;0;0;0;0;0;0;0;0;0;0;0;0;0;0;0;0;0;0;0;0;0;0;0;0;0;0;0;0;0;0;0;0;0;0;0;0;0;0;0;0;0;0;0;0;NotUsed;DCD_6.WheelAngle;DCD_5.DriveEncDist;NotUsed;DCD_5.DriveEncSpeed;120;105;-105;0;0;DCD_6.EnablePowerStage;DCD_6.SetAngle;DCD_5.EnablePowerStage;DCD_5.SetSpeed;SD;628;0;NotUsed;DCD_8.WheelAngle;DCD_7.DriveEncDist;NotUsed;DCD_7.DriveEncSpeed;120;105;-105;0;0;DCD_8.EnablePowerStage;DCD_8.SetAngle;DCD_7.EnablePowerStage;DCD_7.SetSpeed;SD;-628;0;1;0;0;0;0;1;reflector;500;1;0;0;0;No error;-1;1;0;0;0;0;0;0;0;0;1;0;0;0;0;0;0;0;0;0;1;0;0;0;1;0;0;0;0;0;0;0;0;0;0;1;0;0;3;1;1;0;3;0;WaitNewOrder;1;0;0;20;0;0;0;0;0;0;0;0;0;5;0;NormalState;0;1;7;0;70;0;90;8000;300;4;Finished;3;4884;1;300;17;3;19;0;0;65535;0;0;0;0;0;0;0;0
44.5.493;250;2000;0;UserDefined.Braker_Signal;0;1;SDIO.DigitalInput12_EMO;0;0;0;0;0;0;0;0;0;0;0;0;;0;0;100;0;1;300;0;0;200;80;900;2000;;1000;1;0;200;225;0;35;153;QUAD;5;0;0;0;0;0;0;0;0;0;0;0;0;0;0;0;0;0;0;0;0;0;19;0;0;0;0;0;0;0;0;0;0;0;0;0;0;0;0;0;0;0;0;0;17;0;0;0;0;0;0;0;0;0;0;0;0;0;0;0;0;0;0;0;0;0;0;0;0;0;0;0;0;0;0;0;0;0;0;0;0;0;0;0;0;0;0;0;0;0;0;0;0;0;0;0;0;0;0;0;0;0;0;0;0;0;0;0;0;0;0;0;0;0;0;0;0;0;0;0;0;NotUsed;DCD_6.WheelAngle;DCD_5.DriveEncDist;NotUsed;DCD_5.DriveEncSpeed;120;105;-105;0;0;DCD_6.EnablePowerStage;DCD_6.SetAngle;DCD_5.EnablePowerStage;DCD_5.SetSpeed;SD;628;0;NotUsed;DCD_8.WheelAngle;DCD_7.DriveEncDist;NotUsed;DCD_7.DriveEncSpeed;120;105;-105;0;0;DCD_8.EnablePowerStage;DCD_8.SetAngle;DCD_7.EnablePowerStage;DCD_7.SetSpeed;SD;-628;0;0;0;0;0;0;1;reflector;500;1;0;0;0;No error;-1;1;0;0;0;0;0;0;0;0;1;0;0;0;0;0;0;0;0;0;1;0;0;0;1;0;0;0;0;0;0;0;0;0;0;1;0;0;3;1;1;0;3;0;WaitNewOrder;1;0;0;20;0;0;0;0;0;0;0;0;0;5;0;NormalState;0;1;7;0;70;0;90;8000;300;4;Finished;3;4884;1;300;17;3;19;0;0;65535;0;0;0;0;0;0;0;0
44.6.488;250;2000;0;UserDefined.Braker_Signal;0;1;SDIO.DigitalInput12_EMO;0;0;0;0;0;0;0;0;0;0;0;0;;0;0;100;0;1;300;0;0;200;80;900;2000;;1000;1;0;200;225;0;35;153;QUAD;5;0;0;0;0;0;0;0;0;0;0;0;0;0;0;0;0;0;0;0;0;0;19;0;0;0;0;0;0;0;0;0;0;0;0;0;0;0;0;0;0;0;0;0;17;0;0;0;0;0;0;0;0;0;0;0;0;0;0;0;0;0;0;0;0;0;0;0;0;0;0;0;0;0;0;0;0;0;0;0;0;0;0;0;0;0;0;0;0;0;0;0;0;0;0;0;0;0;0;0;0;0;0;0;0;0;0;0;0;0;0;0;0;0;0;0;0;0;0;0;0;NotUsed;DCD_6.WheelAngle;DCD_5.DriveEncDist;NotUsed;DCD_5.DriveEncSpeed;120;105;-105;0;0;DCD_6.EnablePowerStage;DCD_6.SetAngle;DCD_5.EnablePowerStage;DCD_5.SetSpeed;SD;628;0;NotUsed;DCD_8.WheelAngle;DCD_7.DriveEncDist;NotUsed;DCD_7.DriveEncSpeed;120;105;-105;0;0;DCD_8.EnablePowerStage;DCD_8.SetAngle;DCD_7.EnablePowerStage;DCD_7.SetSpeed;SD;-628;0;1;0;0;0;0;1;reflector;500;1;0;0;0;No error;-1;1;0;0;0;0;0;0;0;0;1;0;0;0;0;0;0;0;0;0;1;0;0;0;1;0;0;0;0;0;0;0;0;0;0;1;0;0;3;1;1;0;3;0;WaitNewOrder;1;0;0;20;0;0;0;0;0;0;0;0;0;5;0;NormalState;0;1;7;0;70;0;90;8000;300;4;Finished;3;4884;1;300;17;3;19;0;0;65535;0;0;0;0;0;0;0;0
44.7.510;250;2000;0;UserDefined.Braker_Signal;0;1;SDIO.DigitalInput12_EMO;0;0;0;0;0;0;0;0;0;0;0;0;;0;0;100;0;1;300;0;0;200;80;900;2000;;1000;1;0;200;225;0;35;153;QUAD;5;0;0;0;0;0;0;0;0;0;0;0;0;0;0;0;0;0;0;0;0;0;19;0;0;0;0;0;0;0;0;0;0;0;0;0;0;0;0;0;0;0;0;0;17;0;0;0;0;0;0;0;0;0;0;0;0;0;0;0;0;0;0;0;0;0;0;0;0;0;0;0;0;0;0;0;0;0;0;0;0;0;0;0;0;0;0;0;0;0;0;0;0;0;0;0;0;0;0;0;0;0;0;0;0;0;0;0;0;0;0;0;0;0;0;0;0;0;0;0;0;NotUsed;DCD_6.WheelAngle;DCD_5.DriveEncDist;NotUsed;DCD_5.DriveEncSpeed;120;105;-105;0;0;DCD_6.EnablePowerStage;DCD_6.SetAngle;DCD_5.EnablePowerStage;DCD_5.SetSpeed;SD;628;0;NotUsed;DCD_8.WheelAngle;DCD_7.DriveEncDist;NotUsed;DCD_7.DriveEncSpeed;120;105;-105;0;0;DCD_8.EnablePowerStage;DCD_8.SetAngle;DCD_7.EnablePowerStage;DCD_7.SetSpeed;SD;-628;0;1;0;0;0;0;1;reflector;500;1;0;0;0;No error;-1;1;0;0;0;0;0;0;0;0;1;0;0;0;0;0;0;0;0;0;1;0;0;0;1;0;0;0;0;0;0;0;0;0;0;1;0;0;3;1;1;0;3;0;WaitNewOrder;1;0;0;20;0;0;0;0;0;0;0;0;0;5;0;NormalState;0;1;7;0;70;0;90;8000;300;4;Finished;3;4884;1;300;17;3;19;0;0;65535;0;0;0;0;0;0;0;0
44.8.488;250;2000;0;UserDefined.Braker_Signal;0;1;SDIO.DigitalInput12_EMO;0;0;0;0;0;0;0;0;0;0;0;0;;0;0;100;0;1;300;0;0;200;80;900;2000;;1000;1;0;200;225;0;35;153;QUAD;5;0;0;0;0;0;0;0;0;0;0;0;0;0;0;0;0;0;0;0;0;0;19;0;0;0;0;0;0;0;0;0;0;0;0;0;0;0;0;0;0;0;0;0;17;0;0;0;0;0;0;0;0;0;0;0;0;0;0;0;0;0;0;0;0;0;0;0;0;0;0;0;0;0;0;0;0;0;0;0;0;0;0;0;0;0;0;0;0;0;0;0;0;0;0;0;0;0;0;0;0;0;0;0;0;0;0;0;0;0;0;0;0;0;0;0;0;0;0;0;0;NotUsed;DCD_6.WheelAngle;DCD_5.DriveEncDist;NotUsed;DCD_5.DriveEncSpeed;120;105;-105;0;0;DCD_6.EnablePowerStage;DCD_6.SetAngle;DCD_5.EnablePowerStage;DCD_5.SetSpeed;SD;628;0;NotUsed;DCD_8.WheelAngle;DCD_7.DriveEncDist;NotUsed;DCD_7.DriveEncSpeed;120;105;-105;0;0;DCD_8.EnablePowerStage;DCD_8.SetAngle;DCD_7.EnablePowerStage;DCD_7.SetSpeed;SD;-628;0;2;0;0;0;0;1;reflector;500;1;0;0;0;No error;-1;1;0;0;0;0;0;0;0;0;1;0;0;0;0;0;0;0;0;0;1;0;0;0;1;0;0;0;0;0;0;0;0;0;0;1;0;0;3;1;1;0;3;0;WaitNewOrder;1;0;0;20;0;0;0;0;0;0;0;0;0;5;0;NormalState;0;1;7;0;70;0;90;8000;300;4;Finished;3;4884;1;300;17;3;19;0;0;65535;0;0;0;0;0;0;0;0
44.9.514;250;2000;0;UserDefined.Braker_Signal;0;1;SDIO.DigitalInput12_EMO;0;0;0;0;0;0;0;0;0;0;0;0;;0;0;100;0;1;300;0;0;200;80;900;2000;;1000;1;0;200;225;0;35;153;QUAD;5;0;0;0;0;0;0;0;0;0;0;0;0;0;0;0;0;0;0;0;0;0;19;0;0;0;0;0;0;0;0;0;0;0;0;0;0;0;0;0;0;0;0;0;17;0;0;0;0;0;0;0;0;0;0;0;0;0;0;0;0;0;0;0;0;0;0;0;0;0;0;0;0;0;0;0;0;0;0;0;0;0;0;0;0;0;0;0;0;0;0;0;0;0;0;0;0;0;0;0;0;0;0;0;0;0;0;0;0;0;0;0;0;0;0;0;0;0;0;0;0;NotUsed;DCD_6.WheelAngle;DCD_5.DriveEncDist;NotUsed;DCD_5.DriveEncSpeed;120;105;-105;0;0;DCD_6.EnablePowerStage;DCD_6.SetAngle;DCD_5.EnablePowerStage;DCD_5.SetSpeed;SD;628;0;NotUsed;DCD_8.WheelAngle;DCD_7.DriveEncDist;NotUsed;DCD_7.DriveEncSpeed;120;105;-105;0;0;DCD_8.EnablePowerStage;DCD_8.SetAngle;DCD_7.EnablePowerStage;DCD_7.SetSpeed;SD;-628;0;1;0;0;0;0;1;reflector;500;1;0;0;0;No error;-1;1;0;0;0;0;0;0;0;0;1;0;0;0;0;0;0;0;0;0;1;0;0;0;1;0;0;0;0;0;0;0;0;0;0;1;0;0;3;1;1;0;3;0;WaitNewOrder;1;0;0;20;0;0;0;0;0;0;0;0;0;5;0;NormalState;0;1;7;0;70;0;90;8000;300;4;Finished;3;4884;1;300;17;3;19;0;0;65535;0;0;0;0;0;0;0;0
44.10.483;250;2000;0;UserDefined.Braker_Signal;0;1;SDIO.DigitalInput12_EMO;0;0;0;0;0;0;0;0;0;0;0;0;;0;0;100;0;1;300;0;0;200;80;900;2000;;1000;1;0;200;225;0;35;153;QUAD;5;0;0;0;0;0;0;0;0;0;0;0;0;0;0;0;0;0;0;0;0;0;19;0;0;0;0;0;0;0;0;0;0;0;0;0;0;0;0;0;0;0;0;0;17;0;0;0;0;0;0;0;0;0;0;0;0;0;0;0;0;0;0;0;0;0;0;0;0;0;0;0;0;0;0;0;0;0;0;0;0;0;0;0;0;0;0;0;0;0;0;0;0;0;0;0;0;0;0;0;0;0;0;0;0;0;0;0;0;0;0;0;0;0;0;0;0;0;0;0;0;NotUsed;DCD_6.WheelAngle;DCD_5.DriveEncDist;NotUsed;DCD_5.DriveEncSpeed;120;105;-105;0;0;DCD_6.EnablePowerStage;DCD_6.SetAngle;DCD_5.EnablePowerStage;DCD_5.SetSpeed;SD;628;0;NotUsed;DCD_8.WheelAngle;DCD_7.DriveEncDist;NotUsed;DCD_7.DriveEncSpeed;120;105;-105;0;0;DCD_8.EnablePowerStage;DCD_8.SetAngle;DCD_7.EnablePowerStage;DCD_7.SetSpeed;SD;-628;0;0;0;0;0;0;1;reflector;500;1;0;0;0;No error;-1;1;0;0;0;0;0;0;0;0;1;0;0;0;0;0;0;0;0;0;1;0;0;0;1;0;0;0;0;0;0;0;0;0;0;1;0;0;3;1;1;0;3;0;WaitNewOrder;1;0;0;20;0;0;0;0;0;0;0;0;0;5;0;NormalState;0;1;7;0;70;0;90;8000;300;4;Finished;3;4884;1;300;17;3;19;0;0;65535;0;0;0;0;0;0;0;0
44.11.514;250;2000;0;UserDefined.Braker_Signal;0;1;SDIO.DigitalInput12_EMO;0;0;0;0;0;0;0;0;0;0;0;0;;0;0;100;0;1;300;0;0;200;80;900;2000;;1000;1;0;200;225;0;35;153;QUAD;5;0;0;0;0;0;0;0;0;0;0;0;0;0;0;0;0;0;0;0;0;0;19;0;0;0;0;0;0;0;0;0;0;0;0;0;0;0;0;0;0;0;0;0;17;0;0;0;0;0;0;0;0;0;0;0;0;0;0;0;0;0;0;0;0;0;0;0;0;0;0;0;0;0;0;0;0;0;0;0;0;0;0;0;0;0;0;0;0;0;0;0;0;0;0;0;0;0;0;0;0;0;0;0;0;0;0;0;0;0;0;0;0;0;0;0;0;0;0;0;0;NotUsed;DCD_6.WheelAngle;DCD_5.DriveEncDist;NotUsed;DCD_5.DriveEncSpeed;120;105;-105;0;0;DCD_6.EnablePowerStage;DCD_6.SetAngle;DCD_5.EnablePowerStage;DCD_5.SetSpeed;SD;628;0;NotUsed;DCD_8.WheelAngle;DCD_7.DriveEncDist;NotUsed;DCD_7.DriveEncSpeed;120;105;-105;0;0;DCD_8.EnablePowerStage;DCD_8.SetAngle;DCD_7.EnablePowerStage;DCD_7.SetSpeed;SD;-628;0;1;0;0;0;0;1;reflector;500;1;0;0;0;No error;-1;1;0;0;0;0;0;0;0;0;1;0;0;0;0;0;0;0;0;0;1;0;0;0;1;0;0;0;0;0;0;0;0;0;0;1;0;0;3;1;1;0;3;0;WaitNewOrder;1;0;0;20;0;0;0;0;0;0;0;0;0;5;0;NormalState;0;1;7;0;70;0;90;8000;300;4;Finished;3;4884;1;300;17;3;19;0;0;65535;0;0;0;0;0;0;0;0
44.12.561;250;2000;0;UserDefined.Braker_Signal;0;1;SDIO.DigitalInput12_EMO;0;0;0;0;0;0;0;0;0;0;0;0;;0;0;100;0;1;300;0;0;200;80;900;2000;;1000;1;0;200;225;0;35;153;QUAD;5;0;0;0;0;0;0;0;0;0;0;0;0;0;0;0;0;0;0;0;0;0;19;0;0;0;0;0;0;0;0;0;0;0;0;0;0;0;0;0;0;0;0;0;17;0;0;0;0;0;0;0;0;0;0;0;0;0;0;0;0;0;0;0;0;0;0;0;0;0;0;0;0;0;0;0;0;0;0;0;0;0;0;0;0;0;0;0;0;0;0;0;0;0;0;0;0;0;0;0;0;0;0;0;0;0;0;0;0;0;0;0;0;0;0;0;0;0;0;0;0;NotUsed;DCD_6.WheelAngle;DCD_5.DriveEncDist;NotUsed;DCD_5.DriveEncSpeed;120;105;-105;0;0;DCD_6.EnablePowerStage;DCD_6.SetAngle;DCD_5.EnablePowerStage;DCD_5.SetSpeed;SD;628;0;NotUsed;DCD_8.WheelAngle;DCD_7.DriveEncDist;NotUsed;DCD_7.DriveEncSpeed;120;105;-105;0;0;DCD_8.EnablePowerStage;DCD_8.SetAngle;DCD_7.EnablePowerStage;DCD_7.SetSpeed;SD;-628;0;1;0;0;0;0;1;reflector;500;1;0;0;0;No error;-1;1;0;0;0;0;0;0;0;0;1;0;0;0;0;0;0;0;0;0;1;0;0;0;1;0;0;0;0;0;0;0;0;0;0;1;0;0;3;1;1;0;3;0;WaitNewOrder;1;0;0;20;0;0;0;0;0;0;0;0;0;5;0;NormalState;0;1;7;0;70;0;90;8000;300;4;Finished;3;4884;1;300;17;3;19;0;0;65535;0;0;0;0;0;0;0;0
44.13.482;250;2000;0;UserDefined.Braker_Signal;0;1;SDIO.DigitalInput12_EMO;0;0;0;0;0;0;0;0;0;0;0;0;;0;0;100;0;1;300;0;0;200;80;900;2000;;1000;1;0;200;225;0;35;153;QUAD;5;0;0;0;0;0;0;0;0;0;0;0;0;0;0;0;0;0;0;0;0;0;19;0;0;0;0;0;0;0;0;0;0;0;0;0;0;0;0;0;0;0;0;0;17;0;0;0;0;0;0;0;0;0;0;0;0;0;0;0;0;0;0;0;0;0;0;0;0;0;0;0;0;0;0;0;0;0;0;0;0;0;0;0;0;0;0;0;0;0;0;0;0;0;0;0;0;0;0;0;0;0;0;0;0;0;0;0;0;0;0;0;0;0;0;0;0;0;0;0;0;NotUsed;DCD_6.WheelAngle;DCD_5.DriveEncDist;NotUsed;DCD_5.DriveEncSpeed;120;105;-105;0;0;DCD_6.EnablePowerStage;DCD_6.SetAngle;DCD_5.EnablePowerStage;DCD_5.SetSpeed;SD;628;0;NotUsed;DCD_8.WheelAngle;DCD_7.DriveEncDist;NotUsed;DCD_7.DriveEncSpeed;120;105;-105;0;0;DCD_8.EnablePowerStage;DCD_8.SetAngle;DCD_7.EnablePowerStage;DCD_7.SetSpeed;SD;-628;0;0;0;0;0;0;1;reflector;500;1;0;0;0;No error;-1;1;0;0;0;0;0;0;0;0;1;0;0;0;0;0;0;0;0;0;1;0;0;0;1;0;0;0;0;0;0;0;0;0;0;1;0;0;3;1;1;0;3;0;WaitNewOrder;1;0;0;20;0;0;0;0;0;0;0;0;0;5;0;NormalState;0;1;7;0;70;0;90;8000;300;4;Finished;3;4884;1;300;17;3;19;0;0;65535;0;0;0;0;0;0;0;0
44.14.482;250;2000;0;UserDefined.Braker_Signal;0;1;SDIO.DigitalInput12_EMO;0;0;0;0;0;0;0;0;0;0;0;0;;0;0;100;0;1;300;0;0;200;80;900;2000;;1000;1;0;200;225;0;35;153;QUAD;5;0;0;0;0;0;0;0;0;0;0;0;0;0;0;0;0;0;0;0;0;0;19;0;0;0;0;0;0;0;0;0;0;0;0;0;0;0;0;0;0;0;0;0;17;0;0;0;0;0;0;0;0;0;0;0;0;0;0;0;0;0;0;0;0;0;0;0;0;0;0;0;0;0;0;0;0;0;0;0;0;0;0;0;0;0;0;0;0;0;0;0;0;0;0;0;0;0;0;0;0;0;0;0;0;0;0;0;0;0;0;0;0;0;0;0;0;0;0;0;0;NotUsed;DCD_6.WheelAngle;DCD_5.DriveEncDist;NotUsed;DCD_5.DriveEncSpeed;120;105;-105;0;0;DCD_6.EnablePowerStage;DCD_6.SetAngle;DCD_5.EnablePowerStage;DCD_5.SetSpeed;SD;628;0;NotUsed;DCD_8.WheelAngle;DCD_7.DriveEncDist;NotUsed;DCD_7.DriveEncSpeed;120;105;-105;0;0;DCD_8.EnablePowerStage;DCD_8.SetAngle;DCD_7.EnablePowerStage;DCD_7.SetSpeed;SD;-628;0;0;0;0;0;0;1;reflector;500;1;0;0;0;No error;-1;1;0;0;0;0;0;0;0;0;1;0;0;0;0;0;0;0;0;0;1;0;0;0;1;0;0;0;0;0;0;0;0;0;0;1;0;0;3;1;1;0;3;0;WaitNewOrder;1;0;0;20;0;0;0;0;0;0;0;0;0;5;0;NormalState;0;1;7;0;70;0;90;8000;300;4;Finished;3;4884;1;300;17;3;19;0;0;65535;0;0;0;0;0;0;0;0
44.15.482;250;2000;0;UserDefined.Braker_Signal;0;1;SDIO.DigitalInput12_EMO;0;0;0;0;0;0;0;0;0;0;0;0;;0;0;100;0;1;300;0;0;200;80;900;2000;;1000;1;0;200;225;0;35;153;QUAD;5;0;0;0;0;0;0;0;0;0;0;0;0;0;0;0;0;0;0;0;0;0;19;0;0;0;0;0;0;0;0;0;0;0;0;0;0;0;0;0;0;0;0;0;17;0;0;0;0;0;0;0;0;0;0;0;0;0;0;0;0;0;0;0;0;0;0;0;0;0;0;0;0;0;0;0;0;0;0;0;0;0;0;0;0;0;0;0;0;0;0;0;0;0;0;0;0;0;0;0;0;0;0;0;0;0;0;0;0;0;0;0;0;0;0;0;0;0;0;0;0;NotUsed;DCD_6.WheelAngle;DCD_5.DriveEncDist;NotUsed;DCD_5.DriveEncSpeed;120;105;-105;0;0;DCD_6.EnablePowerStage;DCD_6.SetAngle;DCD_5.EnablePowerStage;DCD_5.SetSpeed;SD;628;0;NotUsed;DCD_8.WheelAngle;DCD_7.DriveEncDist;NotUsed;DCD_7.DriveEncSpeed;120;105;-105;0;0;DCD_8.EnablePowerStage;DCD_8.SetAngle;DCD_7.EnablePowerStage;DCD_7.SetSpeed;SD;-628;0;1;0;0;0;0;1;reflector;500;1;0;0;0;No error;-1;1;0;0;0;0;0;0;0;0;1;0;0;0;0;0;0;0;0;0;1;0;0;0;1;0;0;0;0;0;0;0;0;0;0;1;0;0;3;1;1;0;3;0;WaitNewOrder;1;0;0;20;0;0;0;0;0;0;0;0;0;5;0;NormalState;0;1;7;0;70;0;90;8000;300;4;Finished;3;4884;1;300;17;3;19;0;0;65535;0;0;0;0;0;0;0;0
44.16.482;250;2000;0;UserDefined.Braker_Signal;0;1;SDIO.DigitalInput12_EMO;0;0;0;0;0;0;0;0;0;0;0;0;;0;0;100;0;1;300;0;0;200;80;900;2000;;1000;1;0;200;225;0;35;153;QUAD;5;0;0;0;0;0;0;0;0;0;0;0;0;0;0;0;0;0;0;0;0;0;19;0;0;0;0;0;0;0;0;0;0;0;0;0;0;0;0;0;0;0;0;0;17;0;0;0;0;0;0;0;0;0;0;0;0;0;0;0;0;0;0;0;0;0;0;0;0;0;0;0;0;0;0;0;0;0;0;0;0;0;0;0;0;0;0;0;0;0;0;0;0;0;0;0;0;0;0;0;0;0;0;0;0;0;0;0;0;0;0;0;0;0;0;0;0;0;0;0;0;NotUsed;DCD_6.WheelAngle;DCD_5.DriveEncDist;NotUsed;DCD_5.DriveEncSpeed;120;105;-105;0;0;DCD_6.EnablePowerStage;DCD_6.SetAngle;DCD_5.EnablePowerStage;DCD_5.SetSpeed;SD;628;0;NotUsed;DCD_8.WheelAngle;DCD_7.DriveEncDist;NotUsed;DCD_7.DriveEncSpeed;120;105;-105;0;0;DCD_8.EnablePowerStage;DCD_8.SetAngle;DCD_7.EnablePowerStage;DCD_7.SetSpeed;SD;-628;0;0;0;0;0;0;1;reflector;500;1;0;0;0;No error;-1;1;0;0;0;0;0;0;0;0;1;0;0;0;0;0;0;0;0;0;1;0;0;0;1;0;0;0;0;0;0;0;0;0;0;1;0;0;3;1;1;0;3;0;WaitNewOrder;1;0;0;20;0;0;0;0;0;0;0;0;0;5;0;NormalState;0;1;7;0;70;0;90;8000;300;4;Finished;3;4884;1;300;17;3;19;0;0;65535;0;0;0;0;0;0;0;0
44.17.544;250;2000;0;UserDefined.Braker_Signal;0;1;SDIO.DigitalInput12_EMO;0;0;0;0;0;0;0;0;0;0;0;0;;0;0;100;0;1;300;0;0;200;80;900;2000;;1000;1;0;200;225;0;35;153;QUAD;5;0;0;0;0;0;0;0;0;0;0;0;0;0;0;0;0;0;0;0;0;0;19;0;0;0;0;0;0;0;0;0;0;0;0;0;0;0;0;0;0;0;0;0;17;0;0;0;0;0;0;0;0;0;0;0;0;0;0;0;0;0;0;0;0;0;0;0;0;0;0;0;0;0;0;0;0;0;0;0;0;0;0;0;0;0;0;0;0;0;0;0;0;0;0;0;0;0;0;0;0;0;0;0;0;0;0;0;0;0;0;0;0;0;0;0;0;0;0;0;0;NotUsed;DCD_6.WheelAngle;DCD_5.DriveEncDist;NotUsed;DCD_5.DriveEncSpeed;120;105;-105;0;0;DCD_6.EnablePowerStage;DCD_6.SetAngle;DCD_5.EnablePowerStage;DCD_5.SetSpeed;SD;628;0;NotUsed;DCD_8.WheelAngle;DCD_7.DriveEncDist;NotUsed;DCD_7.DriveEncSpeed;120;105;-105;0;0;DCD_8.EnablePowerStage;DCD_8.SetAngle;DCD_7.EnablePowerStage;DCD_7.SetSpeed;SD;-628;0;0;0;0;0;0;1;reflector;500;1;0;0;0;No error;-1;1;0;0;0;0;0;0;0;0;1;0;0;0;0;0;0;0;0;0;1;0;0;0;1;0;0;0;0;0;0;0;0;0;0;1;0;0;3;1;1;0;3;0;WaitNewOrder;1;0;0;20;0;0;0;0;0;0;0;0;0;5;0;NormalState;0;1;7;0;70;0;90;8000;300;4;Finished;3;4884;1;300;17;3;19;0;0;65535;0;0;0;0;0;0;0;0
